id_review,caption,relative_date,retrieval_date,rating,username,n_review_user,n_photo_user,url_user,url_source,address
ChZDSUhNMG9nS0VJQ0FnSUR5bDhtcVVnEAE,The slowest deli I‚Äôve ever been to,a month ago,2021-04-21 20:35:04.571379,1.0,Joshua Koenig,2,0,https://www.google.com/maps/contrib/103747183063929973197/reviews?hl=en-US,"https://www.google.com/maps/place/BJ's+Wholesale+Club/@40.2179028,-75.1437029,17z/data=!3m1!4b1!4m5!3m4!1s0x89c6af42578bbf7d:0xa1f129c15e21d898!8m2!3d40.2179028!4d-75.141514","200 Easton Rd, Warrington, PA 18976"
ChZDSUhNMG9nS0VJQ0FnSUN5bjllSVFREAE,"Worst experience ever yesterday! Cashier was miserable. Yelled at my husband for trying to help load the cart. Then demanded us to move it where she wanted - with my child inside! We moved where she asked, in effort to just keep moving ‚Ä¶",2 months ago,2021-04-21 20:35:04.584177,1.0,Amanda Roemer,5,0,https://www.google.com/maps/contrib/113101068299093050565/reviews?hl=en-US,"https://www.google.com/maps/place/BJ's+Wholesale+Club/@40.2179028,-75.1437029,17z/data=!3m1!4b1!4m5!3m4!1s0x89c6af42578bbf7d:0xa1f129c15e21d898!8m2!3d40.2179028!4d-75.141514","200 Easton Rd, Warrington, PA 18976"
ChdDSUhNMG9nS0VJQ0FnSUNpNzdiRjJ3RRAB,"Pros: Clean, doesn't check membership card at door, good gas prices, clean restrooms, no lines to enter, produce is good, return policy 90 days for electronics. Produce is fresh and good quality, frozen and refrigerated food is good. ‚Ä¶",2 months ago,2021-04-21 20:35:04.588179,4.0,P Porter,0,0,https://www.google.com/maps/contrib/111875046726352405150/reviews?hl=en-US,"https://www.google.com/maps/place/BJ's+Wholesale+Club/@40.2179028,-75.1437029,17z/data=!3m1!4b1!4m5!3m4!1s0x89c6af42578bbf7d:0xa1f129c15e21d898!8m2!3d40.2179028!4d-75.141514","200 Easton Rd, Warrington, PA 18976"
ChZDSUhNMG9nS0VJQ0FnSUN5cU1HRlBnEAE,We have been going to the BJs on Easton Rd in Warrington Pa. for over 20 years. Today may have been our last time. I was appalled at the filth of the entire property. Inside and out. It is obvious the employees take no pride in where they ‚Ä¶,3 months ago,2021-04-21 20:35:04.591201,1.0,Joseph Gallagher,11,0,https://www.google.com/maps/contrib/110157421223371488060/reviews?hl=en-US,"https://www.google.com/maps/place/BJ's+Wholesale+Club/@40.2179028,-75.1437029,17z/data=!3m1!4b1!4m5!3m4!1s0x89c6af42578bbf7d:0xa1f129c15e21d898!8m2!3d40.2179028!4d-75.141514","200 Easton Rd, Warrington, PA 18976"
ChZDSUhNMG9nS0VJQ0FnSUN5c0p6SGZREAE,We just got a pick up order and they sold us milk that was expired by over a month. Now we have to go back. Huge waste of time.,3 months ago,2021-04-21 20:35:04.595202,1.0,Tim Jones,20,0,https://www.google.com/maps/contrib/113405400954059128781/reviews?hl=en-US,"https://www.google.com/maps/place/BJ's+Wholesale+Club/@40.2179028,-75.1437029,17z/data=!3m1!4b1!4m5!3m4!1s0x89c6af42578bbf7d:0xa1f129c15e21d898!8m2!3d40.2179028!4d-75.141514","200 Easton Rd, Warrington, PA 18976"
ChdDSUhNMG9nS0VJQ0FnSURpdUx1d3hBRRAB,"I am giving them one star just because there is no other lower rating option. I was in there today to pick up an item I ordered online, unfortunately my order was canceled because it was very unconvinieent for team members to pick up an ‚Ä¶",4 months ago,2021-04-21 20:35:04.598197,1.0,rigels prifti,0,0,https://www.google.com/maps/contrib/107717695221139581500/reviews?hl=en-US,"https://www.google.com/maps/place/BJ's+Wholesale+Club/@40.2179028,-75.1437029,17z/data=!3m1!4b1!4m5!3m4!1s0x89c6af42578bbf7d:0xa1f129c15e21d898!8m2!3d40.2179028!4d-75.141514","200 Easton Rd, Warrington, PA 18976"
ChZDSUhNMG9nS0VJQ0FnSURpOEpicUhnEAE,Inside of the store is great however I am so disappointed in the amount of trash left blowing around the parking lot.  I am not saying people shouldn't clean up after themselves but BJS in Warrington should have someone picking up trash. ‚Ä¶,4 months ago,2021-04-21 20:35:04.602207,1.0,Bill Sarr,1,0,https://www.google.com/maps/contrib/102608743934697899148/reviews?hl=en-US,"https://www.google.com/maps/place/BJ's+Wholesale+Club/@40.2179028,-75.1437029,17z/data=!3m1!4b1!4m5!3m4!1s0x89c6af42578bbf7d:0xa1f129c15e21d898!8m2!3d40.2179028!4d-75.141514","200 Easton Rd, Warrington, PA 18976"
ChdDSUhNMG9nS0VJQ0FnSUNpOTkya3p3RRAB,üëç,5 months ago,2021-04-21 20:35:04.605178,5.0,Minakshi Vlogs,0,0,https://www.google.com/maps/contrib/110446495533023383108/reviews?hl=en-US,"https://www.google.com/maps/place/BJ's+Wholesale+Club/@40.2179028,-75.1437029,17z/data=!3m1!4b1!4m5!3m4!1s0x89c6af42578bbf7d:0xa1f129c15e21d898!8m2!3d40.2179028!4d-75.141514","200 Easton Rd, Warrington, PA 18976"
ChZDSUhNMG9nS0VJQ0FnSUNpaGRtalJREAE,(Translated by Google) Very good  (Original) Muy bueno,5 months ago,2021-04-21 20:35:04.607638,5.0,zuleyka valentin,15,0,https://www.google.com/maps/contrib/115834655254741304405/reviews?hl=en-US,"https://www.google.com/maps/place/BJ's+Wholesale+Club/@40.2179028,-75.1437029,17z/data=!3m1!4b1!4m5!3m4!1s0x89c6af42578bbf7d:0xa1f129c15e21d898!8m2!3d40.2179028!4d-75.141514","200 Easton Rd, Warrington, PA 18976"
ChdDSUhNMG9nS0VJQ0FnSUNpbWNlTmd3RRAB,Employee did not comply with CDC guidelines on masking.,5 months ago,2021-04-21 20:35:04.610960,1.0,Gordon Clark Teg Pipes,7,0,https://www.google.com/maps/contrib/102732689587152756727/reviews?hl=en-US,"https://www.google.com/maps/place/BJ's+Wholesale+Club/@40.2179028,-75.1437029,17z/data=!3m1!4b1!4m5!3m4!1s0x89c6af42578bbf7d:0xa1f129c15e21d898!8m2!3d40.2179028!4d-75.141514","200 Easton Rd, Warrington, PA 18976"
ChZDSUhNMG9nS0VJQ0FnSUNpa09XZEpBEAE,"Stay away, stay away. Have been utilizing this location for over 10 years, obviously new Management has destroyed this location..... nothing stocked, terrible customer service, etc.  Go to Costco or another location, stay away!!!",6 months ago,2021-04-21 20:35:04.613934,1.0,Ken S,2,0,https://www.google.com/maps/contrib/109536279974832186397/reviews?hl=en-US,"https://www.google.com/maps/place/BJ's+Wholesale+Club/@40.2179028,-75.1437029,17z/data=!3m1!4b1!4m5!3m4!1s0x89c6af42578bbf7d:0xa1f129c15e21d898!8m2!3d40.2179028!4d-75.141514","200 Easton Rd, Warrington, PA 18976"
ChdDSUhNMG9nS0VJQ0FnSUN3emYzXzlBRRAB,"Another great BJ‚Äôs ‚Äì that offer superior customer service, and in addition to that ‚Äì the interior of all sales floor shopping areas are well kept for customers to enjoy the ultimate shopping experience. I deeply enjoy the coupons that BJ‚Äôs ‚Ä¶",6 months ago,2021-04-21 20:35:04.616936,5.0,Alfonso Coley,0,0,https://www.google.com/maps/contrib/116888479055000758969/reviews?hl=en-US,"https://www.google.com/maps/place/BJ's+Wholesale+Club/@40.2179028,-75.1437029,17z/data=!3m1!4b1!4m5!3m4!1s0x89c6af42578bbf7d:0xa1f129c15e21d898!8m2!3d40.2179028!4d-75.141514","200 Easton Rd, Warrington, PA 18976"
ChdDSUhNMG9nS0VJQ0FnSURDN0xuUWxRRRAB,Nice place but the product selection never changes.,7 months ago,2021-04-21 20:35:04.620935,4.0,anthony giovinazzo,0,0,https://www.google.com/maps/contrib/112089717043480847870/reviews?hl=en-US,"https://www.google.com/maps/place/BJ's+Wholesale+Club/@40.2179028,-75.1437029,17z/data=!3m1!4b1!4m5!3m4!1s0x89c6af42578bbf7d:0xa1f129c15e21d898!8m2!3d40.2179028!4d-75.141514","200 Easton Rd, Warrington, PA 18976"
ChdDSUhNMG9nS0VJQ0FnSUQ4cmFPLTNRRRAB,Gas station there is an elderly man attending who always gives me an attitude everytime I come to fill up with gas seriously if you dont like your job you shouldn't be working here we pay for a membership we all should be getting courteous service,8 months ago,2021-04-21 20:35:04.623933,1.0,Juan Abud,1,0,https://www.google.com/maps/contrib/111826915131845122080/reviews?hl=en-US,"https://www.google.com/maps/place/BJ's+Wholesale+Club/@40.2179028,-75.1437029,17z/data=!3m1!4b1!4m5!3m4!1s0x89c6af42578bbf7d:0xa1f129c15e21d898!8m2!3d40.2179028!4d-75.141514","200 Easton Rd, Warrington, PA 18976"
ChZDSUhNMG9nS0VJQ0FnSUQ4eWZ1Vlp3EAE,"Excellent experience with the management today. Kim was outstanding, professional, courteous and prompt. Couldn't have ask for a better experience. .",9 months ago,2021-04-21 20:35:04.626933,5.0,Jacob Hillanbrand,9,0,https://www.google.com/maps/contrib/118370770314723538529/reviews?hl=en-US,"https://www.google.com/maps/place/BJ's+Wholesale+Club/@40.2179028,-75.1437029,17z/data=!3m1!4b1!4m5!3m4!1s0x89c6af42578bbf7d:0xa1f129c15e21d898!8m2!3d40.2179028!4d-75.141514","200 Easton Rd, Warrington, PA 18976"
ChdDSUhNMG9nS0VJQ0FnSUM4M1pEQS1BRRAB,,9 months ago,2021-04-21 20:35:04.630933,2.0,C E Cornman,0,0,https://www.google.com/maps/contrib/105719607524955842304/reviews?hl=en-US,"https://www.google.com/maps/place/BJ's+Wholesale+Club/@40.2179028,-75.1437029,17z/data=!3m1!4b1!4m5!3m4!1s0x89c6af42578bbf7d:0xa1f129c15e21d898!8m2!3d40.2179028!4d-75.141514","200 Easton Rd, Warrington, PA 18976"
ChdDSUhNMG9nS0VJQ0FnSUM4cU9Ybzd3RRAB,"Terrible customer service, items that I was told were there were not. Used to be a good place to shop. Going downhill every time I go there.",9 months ago,2021-04-21 20:35:04.633961,1.0,Dale Seybold,5,0,https://www.google.com/maps/contrib/103480054611418323965/reviews?hl=en-US,"https://www.google.com/maps/place/BJ's+Wholesale+Club/@40.2179028,-75.1437029,17z/data=!3m1!4b1!4m5!3m4!1s0x89c6af42578bbf7d:0xa1f129c15e21d898!8m2!3d40.2179028!4d-75.141514","200 Easton Rd, Warrington, PA 18976"
ChZDSUhNMG9nS0VJQ0FnSURjb1pPc2ZREAE,Restoring several items out of stock for weeks now. Nice to see them on the racks again.,10 months ago,2021-04-21 20:35:04.636959,5.0,Jack Hatter,0,0,https://www.google.com/maps/contrib/104548810334877268247/reviews?hl=en-US,"https://www.google.com/maps/place/BJ's+Wholesale+Club/@40.2179028,-75.1437029,17z/data=!3m1!4b1!4m5!3m4!1s0x89c6af42578bbf7d:0xa1f129c15e21d898!8m2!3d40.2179028!4d-75.141514","200 Easton Rd, Warrington, PA 18976"
ChZDSUhNMG9nS0VJQ0FnSURjbXRfek1BEAE,"My family has been a BJ's member for many years but lately the level of service is just not up to par. During the past few months/visits alone, we've had items not included in our online order, and difficult service staff experiences. After ‚Ä¶",10 months ago,2021-04-21 20:35:04.640960,1.0,Ami Parekh,2,0,https://www.google.com/maps/contrib/101338660660350461770/reviews?hl=en-US,"https://www.google.com/maps/place/BJ's+Wholesale+Club/@40.2179028,-75.1437029,17z/data=!3m1!4b1!4m5!3m4!1s0x89c6af42578bbf7d:0xa1f129c15e21d898!8m2!3d40.2179028!4d-75.141514","200 Easton Rd, Warrington, PA 18976"
ChZDSUhNMG9nS0VJQ0FnSURjcW9PdUtBEAE,,10 months ago,2021-04-21 20:35:04.644933,1.0,Xhesida P,20,0,https://www.google.com/maps/contrib/101953384412963642753/reviews?hl=en-US,"https://www.google.com/maps/place/BJ's+Wholesale+Club/@40.2179028,-75.1437029,17z/data=!3m1!4b1!4m5!3m4!1s0x89c6af42578bbf7d:0xa1f129c15e21d898!8m2!3d40.2179028!4d-75.141514","200 Easton Rd, Warrington, PA 18976"
ChdDSUhNMG9nS0VJQ0FnSURjcW9QOHJ3RRAB,,10 months ago,2021-04-21 20:35:30.925280,1.0,Pre-Med USciences,0,0,https://www.google.com/maps/contrib/118092753167122822864/reviews?hl=en-US,"https://www.google.com/maps/place/BJ's+Wholesale+Club/@40.2179028,-75.1437029,17z/data=!3m1!4b1!4m5!3m4!1s0x89c6af42578bbf7d:0xa1f129c15e21d898!8m2!3d40.2179028!4d-75.141514","200 Easton Rd, Warrington, PA 18976"
ChdDSUhNMG9nS0VJQ0FnSURjcW9QWTJRRRAB,They check the receipt twice make you wait in line and don't let you exit. Super disorganized because of Corona and also they don't accept coupons anymore and dont tell you in the front even tho I had coupons in my hand. So pointless yet they accept cash.,10 months ago,2021-04-21 20:35:30.941937,1.0,Oriol Parllaku,3,0,https://www.google.com/maps/contrib/103974437862493104988/reviews?hl=en-US,"https://www.google.com/maps/place/BJ's+Wholesale+Club/@40.2179028,-75.1437029,17z/data=!3m1!4b1!4m5!3m4!1s0x89c6af42578bbf7d:0xa1f129c15e21d898!8m2!3d40.2179028!4d-75.141514","200 Easton Rd, Warrington, PA 18976"
ChZDSUhNMG9nS0VJQ0FnSURjcXYzRGVBEAE,,10 months ago,2021-04-21 20:35:30.945938,1.0,Xhes Pajo,2,0,https://www.google.com/maps/contrib/103527684400312498300/reviews?hl=en-US,"https://www.google.com/maps/place/BJ's+Wholesale+Club/@40.2179028,-75.1437029,17z/data=!3m1!4b1!4m5!3m4!1s0x89c6af42578bbf7d:0xa1f129c15e21d898!8m2!3d40.2179028!4d-75.141514","200 Easton Rd, Warrington, PA 18976"
ChZDSUhNMG9nS0VJQ0FnSURjcVBLc2ZBEAE,I can find everything I need at BJs.  Very satisfied customer.  Highly recommended.,11 months ago,2021-04-21 20:35:30.949938,5.0,Stephen Cupitt,26,0,https://www.google.com/maps/contrib/116433100688688094155/reviews?hl=en-US,"https://www.google.com/maps/place/BJ's+Wholesale+Club/@40.2179028,-75.1437029,17z/data=!3m1!4b1!4m5!3m4!1s0x89c6af42578bbf7d:0xa1f129c15e21d898!8m2!3d40.2179028!4d-75.141514","200 Easton Rd, Warrington, PA 18976"
ChZDSUhNMG9nS0VJQ0FnSUNjMzlQRUJnEAE,(Translated by Google) Love it  (Original) Me encanta,11 months ago,2021-04-21 20:35:30.952939,5.0,Zuleyka Valentin,14,0,https://www.google.com/maps/contrib/104967889657454830725/reviews?hl=en-US,"https://www.google.com/maps/place/BJ's+Wholesale+Club/@40.2179028,-75.1437029,17z/data=!3m1!4b1!4m5!3m4!1s0x89c6af42578bbf7d:0xa1f129c15e21d898!8m2!3d40.2179028!4d-75.141514","200 Easton Rd, Warrington, PA 18976"
ChdDSUhNMG9nS0VJQ0FnSUNjMzVXNi1BRRAB,Wheres The Disinfectant Wipes & Lysol Spray!!!; Being A Member Should Have It's Priorities!!!!,11 months ago,2021-04-21 20:35:30.956936,2.0,Deborah White,2,0,https://www.google.com/maps/contrib/117521852153431264301/reviews?hl=en-US,"https://www.google.com/maps/place/BJ's+Wholesale+Club/@40.2179028,-75.1437029,17z/data=!3m1!4b1!4m5!3m4!1s0x89c6af42578bbf7d:0xa1f129c15e21d898!8m2!3d40.2179028!4d-75.141514","200 Easton Rd, Warrington, PA 18976"
ChdDSUhNMG9nS0VJQ0FnSUNjaTdDZjhRRRAB,"Shopped today at Warrington Location, PA.  BJ's worker by the name Caren Z.  walked directly toward me, and passed within a few inches near me without wearing a mask. Please, let her know, that she MUST practice social distancing and not endanger BJ's customers. Horrible experience today.",a year ago,2021-04-21 20:35:30.960941,1.0,Preffered Customer,1,0,https://www.google.com/maps/contrib/102944369895390140858/reviews?hl=en-US,"https://www.google.com/maps/place/BJ's+Wholesale+Club/@40.2179028,-75.1437029,17z/data=!3m1!4b1!4m5!3m4!1s0x89c6af42578bbf7d:0xa1f129c15e21d898!8m2!3d40.2179028!4d-75.141514","200 Easton Rd, Warrington, PA 18976"
ChdDSUhNMG9nS0VJQ0FnSUNjZzRiejFRRRAB,This BJs is nice and clean.  Gas lines get crowded on the weekend amd sometimes customer service.  I'm closer to the Bus in Philadelphia but I drive to this Bus because it's  sane here.,a year ago,2021-04-21 20:35:30.964533,5.0,P Porter,0,0,https://www.google.com/maps/contrib/104455358569741569866/reviews?hl=en-US,"https://www.google.com/maps/place/BJ's+Wholesale+Club/@40.2179028,-75.1437029,17z/data=!3m1!4b1!4m5!3m4!1s0x89c6af42578bbf7d:0xa1f129c15e21d898!8m2!3d40.2179028!4d-75.141514","200 Easton Rd, Warrington, PA 18976"
ChdDSUhNMG9nS0VJQ0FnSUNjbWV6R3dnRRAB,,a year ago,2021-04-21 20:35:30.967819,5.0,DIMPLE REID,0,0,https://www.google.com/maps/contrib/117624017761422027425/reviews?hl=en-US,"https://www.google.com/maps/place/BJ's+Wholesale+Club/@40.2179028,-75.1437029,17z/data=!3m1!4b1!4m5!3m4!1s0x89c6af42578bbf7d:0xa1f129c15e21d898!8m2!3d40.2179028!4d-75.141514","200 Easton Rd, Warrington, PA 18976"
ChZDSUhNMG9nS0VJQ0FnSUNzc195M1h3EAE,Delicious gas!,a year ago,2021-04-21 20:35:30.971829,5.0,Terance Healy,0,0,https://www.google.com/maps/contrib/115411772245886554363/reviews?hl=en-US,"https://www.google.com/maps/place/BJ's+Wholesale+Club/@40.2179028,-75.1437029,17z/data=!3m1!4b1!4m5!3m4!1s0x89c6af42578bbf7d:0xa1f129c15e21d898!8m2!3d40.2179028!4d-75.141514","200 Easton Rd, Warrington, PA 18976"
ChZDSUhNMG9nS0VJQ0FnSUNzazg3MVNnEAE,Great discounts and well stocked.,a year ago,2021-04-21 20:35:57.306286,5.0,Stacey Farva,3,0,https://www.google.com/maps/contrib/100155997423817457125/reviews?hl=en-US,"https://www.google.com/maps/place/BJ's+Wholesale+Club/@40.2179028,-75.1437029,17z/data=!3m1!4b1!4m5!3m4!1s0x89c6af42578bbf7d:0xa1f129c15e21d898!8m2!3d40.2179028!4d-75.141514","200 Easton Rd, Warrington, PA 18976"
ChdDSUhNMG9nS0VJQ0FnSURNbTQyVTNBRRAB,,a year ago,2021-04-21 20:35:57.314087,4.0,Errol Warboys,61,0,https://www.google.com/maps/contrib/113257544644563986265/reviews?hl=en-US,"https://www.google.com/maps/place/BJ's+Wholesale+Club/@40.2179028,-75.1437029,17z/data=!3m1!4b1!4m5!3m4!1s0x89c6af42578bbf7d:0xa1f129c15e21d898!8m2!3d40.2179028!4d-75.141514","200 Easton Rd, Warrington, PA 18976"
ChdDSUhNMG9nS0VJQ0FnSUQwaGNxbzhBRRAB,Best place ever.,a year ago,2021-04-21 20:35:57.317091,5.0,Treyvon Dicaprio,4,0,https://www.google.com/maps/contrib/106759880765857457120/reviews?hl=en-US,"https://www.google.com/maps/place/BJ's+Wholesale+Club/@40.2179028,-75.1437029,17z/data=!3m1!4b1!4m5!3m4!1s0x89c6af42578bbf7d:0xa1f129c15e21d898!8m2!3d40.2179028!4d-75.141514","200 Easton Rd, Warrington, PA 18976"
ChdDSUhNMG9nS0VJQ0FnSUNVeDctRW5nRRAB,Great prices and easy-to-find items. The store is very large and has almost anything you could be looking for. The prices are very low (as you would expect it being a wholesale club) and they always have good deals on products. The ‚Ä¶,a year ago,2021-04-21 20:35:57.319090,5.0,Sentient Soup,0,0,https://www.google.com/maps/contrib/109280647225390942913/reviews?hl=en-US,"https://www.google.com/maps/place/BJ's+Wholesale+Club/@40.2179028,-75.1437029,17z/data=!3m1!4b1!4m5!3m4!1s0x89c6af42578bbf7d:0xa1f129c15e21d898!8m2!3d40.2179028!4d-75.141514","200 Easton Rd, Warrington, PA 18976"
ChZDSUhNMG9nS0VJQ0FnSURraWN2RWZREAE,,a year ago,2021-04-21 20:35:57.323131,3.0,CAROLYN AMMAZZALORSO,0,0,https://www.google.com/maps/contrib/115671292948407227072/reviews?hl=en-US,"https://www.google.com/maps/place/BJ's+Wholesale+Club/@40.2179028,-75.1437029,17z/data=!3m1!4b1!4m5!3m4!1s0x89c6af42578bbf7d:0xa1f129c15e21d898!8m2!3d40.2179028!4d-75.141514","200 Easton Rd, Warrington, PA 18976"
ChdDSUhNMG9nS0VJQ0FnSUNBLVlmN29BRRAB,Friendly staff,a year ago,2021-04-21 20:35:57.326101,3.0,Christian P,12,0,https://www.google.com/maps/contrib/117350266398646043093/reviews?hl=en-US,"https://www.google.com/maps/place/BJ's+Wholesale+Club/@40.2179028,-75.1437029,17z/data=!3m1!4b1!4m5!3m4!1s0x89c6af42578bbf7d:0xa1f129c15e21d898!8m2!3d40.2179028!4d-75.141514","200 Easton Rd, Warrington, PA 18976"
ChdDSUhNMG9nS0VJQ0FnSURZaXNyX2hnRRAB,,a year ago,2021-04-21 20:35:57.329087,5.0,kelly beneker,0,0,https://www.google.com/maps/contrib/101594857214922965752/reviews?hl=en-US,"https://www.google.com/maps/place/BJ's+Wholesale+Club/@40.2179028,-75.1437029,17z/data=!3m1!4b1!4m5!3m4!1s0x89c6af42578bbf7d:0xa1f129c15e21d898!8m2!3d40.2179028!4d-75.141514","200 Easton Rd, Warrington, PA 18976"
ChdDSUhNMG9nS0VJQ0FnSUNnb09PT2tRRRAB,,2 years ago,2021-04-21 20:35:57.332089,1.0,Yuri Voskoboynikov,0,0,https://www.google.com/maps/contrib/112247080420726109373/reviews?hl=en-US,"https://www.google.com/maps/place/BJ's+Wholesale+Club/@40.2179028,-75.1437029,17z/data=!3m1!4b1!4m5!3m4!1s0x89c6af42578bbf7d:0xa1f129c15e21d898!8m2!3d40.2179028!4d-75.141514","200 Easton Rd, Warrington, PA 18976"
ChdDSUhNMG9nS0VJQ0FnSUNvaVkzc2hnRRAB,,2 years ago,2021-04-21 20:35:57.334089,3.0,yani lala,0,0,https://www.google.com/maps/contrib/110739506063517144893/reviews?hl=en-US,"https://www.google.com/maps/place/BJ's+Wholesale+Club/@40.2179028,-75.1437029,17z/data=!3m1!4b1!4m5!3m4!1s0x89c6af42578bbf7d:0xa1f129c15e21d898!8m2!3d40.2179028!4d-75.141514","200 Easton Rd, Warrington, PA 18976"
ChZDSUhNMG9nS0VJQ0FnSURJZ1BtZlFnEAE,,2 years ago,2021-04-21 20:35:57.337087,5.0,Dilbar Burieva,0,0,https://www.google.com/maps/contrib/103818984209354695362/reviews?hl=en-US,"https://www.google.com/maps/place/BJ's+Wholesale+Club/@40.2179028,-75.1437029,17z/data=!3m1!4b1!4m5!3m4!1s0x89c6af42578bbf7d:0xa1f129c15e21d898!8m2!3d40.2179028!4d-75.141514","200 Easton Rd, Warrington, PA 18976"
ChdDSUhNMG9nS0VJQ0FnSUNJcmF1dHZnRRAB,Great experience!,2 years ago,2021-04-21 20:36:23.670880,5.0,Gregory Davis,0,0,https://www.google.com/maps/contrib/107329125369302819728/reviews?hl=en-US,"https://www.google.com/maps/place/BJ's+Wholesale+Club/@40.2179028,-75.1437029,17z/data=!3m1!4b1!4m5!3m4!1s0x89c6af42578bbf7d:0xa1f129c15e21d898!8m2!3d40.2179028!4d-75.141514","200 Easton Rd, Warrington, PA 18976"
ChZDSUhNMG9nS0VJQ0FnSUNRNjlMa05REAE,I did not know but they have a verizon store inside. You DO NOT have to be a member to go to the verizon store and you get all the specials of a BJ's member. The staff there is very knowledgeable. I was able to get a buy one get one iPhone. Go see them never sit and wait at a regular store again.,2 years ago,2021-04-21 20:36:23.673836,5.0,Todd capobianco,8,0,https://www.google.com/maps/contrib/114708708958027909771/reviews?hl=en-US,"https://www.google.com/maps/place/BJ's+Wholesale+Club/@40.2179028,-75.1437029,17z/data=!3m1!4b1!4m5!3m4!1s0x89c6af42578bbf7d:0xa1f129c15e21d898!8m2!3d40.2179028!4d-75.141514","200 Easton Rd, Warrington, PA 18976"
ChZDSUhNMG9nS0VJQ0FnSURRbjQzaWZ3EAE,"Clean,helpful,well stocked......working,operable motor carts...great selections",2 years ago,2021-04-21 20:36:23.677863,5.0,Kirb,0,0,https://www.google.com/maps/contrib/109573832401561899048/reviews?hl=en-US,"https://www.google.com/maps/place/BJ's+Wholesale+Club/@40.2179028,-75.1437029,17z/data=!3m1!4b1!4m5!3m4!1s0x89c6af42578bbf7d:0xa1f129c15e21d898!8m2!3d40.2179028!4d-75.141514","200 Easton Rd, Warrington, PA 18976"
ChdDSUhNMG9nS0VJQ0FnSUNRcHY3R2hnRRAB,,2 years ago,2021-04-21 20:36:23.680864,4.0,Hannibal Lecter,0,0,https://www.google.com/maps/contrib/109344537517223654093/reviews?hl=en-US,"https://www.google.com/maps/place/BJ's+Wholesale+Club/@40.2179028,-75.1437029,17z/data=!3m1!4b1!4m5!3m4!1s0x89c6af42578bbf7d:0xa1f129c15e21d898!8m2!3d40.2179028!4d-75.141514","200 Easton Rd, Warrington, PA 18976"
ChdDSUhNMG9nS0VJQ0FnSUNndkltdTZnRRAB,"I would highly recommend staying away from this place  I would give a 0 if I could....stay far away from the Verizon rep Cody!  Cody tells you what you want to hear, tells you he will get you a gift card for buying from him....I'm not sure ‚Ä¶",2 years ago,2021-04-21 20:36:23.683869,1.0,Pat Donnelly,3,0,https://www.google.com/maps/contrib/110962141014722444345/reviews?hl=en-US,"https://www.google.com/maps/place/BJ's+Wholesale+Club/@40.2179028,-75.1437029,17z/data=!3m1!4b1!4m5!3m4!1s0x89c6af42578bbf7d:0xa1f129c15e21d898!8m2!3d40.2179028!4d-75.141514","200 Easton Rd, Warrington, PA 18976"
ChdDSUhNMG9nS0VJQ0FnSURReG82MG5RRRAB,,2 years ago,2021-04-21 20:36:23.687864,5.0,Dawn Finn,0,0,https://www.google.com/maps/contrib/115238846452803837301/reviews?hl=en-US,"https://www.google.com/maps/place/BJ's+Wholesale+Club/@40.2179028,-75.1437029,17z/data=!3m1!4b1!4m5!3m4!1s0x89c6af42578bbf7d:0xa1f129c15e21d898!8m2!3d40.2179028!4d-75.141514","200 Easton Rd, Warrington, PA 18976"
ChdDSUhNMG9nS0VJQ0FnSUNncmQzTTRBRRAB,"While leaving BJ‚Äôs in Warrington, PA, the woman who checks your receipt asked, ‚Äúdo you mind opening your backpack ‚Äú? I shouted, ‚ÄúI‚Äôm not opening my backpack‚Äù!! Was only in the store for about 30 mins. Monday I shopped at Staples, Langhorne, ‚Ä¶",3 years ago,2021-04-21 20:36:23.690836,1.0,Vinnie Thompson,0,0,https://www.google.com/maps/contrib/116347222533143464643/reviews?hl=en-US,"https://www.google.com/maps/place/BJ's+Wholesale+Club/@40.2179028,-75.1437029,17z/data=!3m1!4b1!4m5!3m4!1s0x89c6af42578bbf7d:0xa1f129c15e21d898!8m2!3d40.2179028!4d-75.141514","200 Easton Rd, Warrington, PA 18976"
ChdDSUhNMG9nS0VJQ0FnSURnOFpHSTFBRRAB,"Went in for lunchmeat today  (sunday). Knowing it was prime time for the deli I still decided the prices were worth it. The line was long but it went fast and the deli staff were so nice, joking and smiling.  Definitely like the atmosphere. ‚Ä¶",3 years ago,2021-04-21 20:36:23.693836,5.0,Sherree E,0,0,https://www.google.com/maps/contrib/102103436809205256088/reviews?hl=en-US,"https://www.google.com/maps/place/BJ's+Wholesale+Club/@40.2179028,-75.1437029,17z/data=!3m1!4b1!4m5!3m4!1s0x89c6af42578bbf7d:0xa1f129c15e21d898!8m2!3d40.2179028!4d-75.141514","200 Easton Rd, Warrington, PA 18976"
ChZDSUhNMG9nS0VJQ0FnSURBOWFtbUZ3EAE,,3 years ago,2021-04-21 20:36:23.697864,5.0,Leslie Saunders,0,0,https://www.google.com/maps/contrib/118306864852381047963/reviews?hl=en-US,"https://www.google.com/maps/place/BJ's+Wholesale+Club/@40.2179028,-75.1437029,17z/data=!3m1!4b1!4m5!3m4!1s0x89c6af42578bbf7d:0xa1f129c15e21d898!8m2!3d40.2179028!4d-75.141514","200 Easton Rd, Warrington, PA 18976"
ChZDSUhNMG9nS0VJQ0FnSUNBMk95SFN3EAE,"Very friendly staff, nice clean and well stocked always.",3 years ago,2021-04-21 20:36:23.700863,5.0,Abhilash Shaji,0,0,https://www.google.com/maps/contrib/109112613687020892691/reviews?hl=en-US,"https://www.google.com/maps/place/BJ's+Wholesale+Club/@40.2179028,-75.1437029,17z/data=!3m1!4b1!4m5!3m4!1s0x89c6af42578bbf7d:0xa1f129c15e21d898!8m2!3d40.2179028!4d-75.141514","200 Easton Rd, Warrington, PA 18976"
ChdDSUhNMG9nS0VJQ0FnSURRajV2a3BnRRAB,Great,3 years ago,2021-04-21 20:36:50.137038,5.0,Pat Iadonisi,6,0,https://www.google.com/maps/contrib/108608533987831372540/reviews?hl=en-US,"https://www.google.com/maps/place/BJ's+Wholesale+Club/@40.2179028,-75.1437029,17z/data=!3m1!4b1!4m5!3m4!1s0x89c6af42578bbf7d:0xa1f129c15e21d898!8m2!3d40.2179028!4d-75.141514","200 Easton Rd, Warrington, PA 18976"
ChZDSUhNMG9nS0VJQ0FnSUNReWMtN2NBEAE,The warehouse is neat and clean. Merchandise is stacked ergonomically and staff are available to assist. Prices are visible and merchandise is competively priced. The staff are friendly and helpful; courteous and knowledgeable. Front desk staff are cheerful.,3 years ago,2021-04-21 20:36:50.145467,5.0,Cheryl Sprouse,17,0,https://www.google.com/maps/contrib/105173095146391957330/reviews?hl=en-US,"https://www.google.com/maps/place/BJ's+Wholesale+Club/@40.2179028,-75.1437029,17z/data=!3m1!4b1!4m5!3m4!1s0x89c6af42578bbf7d:0xa1f129c15e21d898!8m2!3d40.2179028!4d-75.141514","200 Easton Rd, Warrington, PA 18976"
ChdDSUhNMG9nS0VJQ0FnSURRMDl6eHBnRRAB,It has a slightly different inventory and pricing than the other BJ's,3 years ago,2021-04-21 20:36:50.148468,4.0,Tom Gruszka,0,0,https://www.google.com/maps/contrib/113175535883957487028/reviews?hl=en-US,"https://www.google.com/maps/place/BJ's+Wholesale+Club/@40.2179028,-75.1437029,17z/data=!3m1!4b1!4m5!3m4!1s0x89c6af42578bbf7d:0xa1f129c15e21d898!8m2!3d40.2179028!4d-75.141514","200 Easton Rd, Warrington, PA 18976"
ChZDSUhNMG9nS0VJQ0FnSUN3bjdDcGNnEAE,,3 years ago,2021-04-21 20:36:50.151467,5.0,Ken SCHRANDT,3,0,https://www.google.com/maps/contrib/106609632962957522304/reviews?hl=en-US,"https://www.google.com/maps/place/BJ's+Wholesale+Club/@40.2179028,-75.1437029,17z/data=!3m1!4b1!4m5!3m4!1s0x89c6af42578bbf7d:0xa1f129c15e21d898!8m2!3d40.2179028!4d-75.141514","200 Easton Rd, Warrington, PA 18976"
ChZDSUhNMG9nS0VJQ0FnSURBM1lmSmFREAE,,3 years ago,2021-04-21 20:36:50.154468,4.0,Lisa Stevenson,7,0,https://www.google.com/maps/contrib/117289603846824951686/reviews?hl=en-US,"https://www.google.com/maps/place/BJ's+Wholesale+Club/@40.2179028,-75.1437029,17z/data=!3m1!4b1!4m5!3m4!1s0x89c6af42578bbf7d:0xa1f129c15e21d898!8m2!3d40.2179028!4d-75.141514","200 Easton Rd, Warrington, PA 18976"
ChdDSUhNMG9nS0VJQ0FnSURBdXN2NWtnRRAB,,3 years ago,2021-04-21 20:36:50.157578,5.0,Victor Patalano,0,0,https://www.google.com/maps/contrib/111825022772193146009/reviews?hl=en-US,"https://www.google.com/maps/place/BJ's+Wholesale+Club/@40.2179028,-75.1437029,17z/data=!3m1!4b1!4m5!3m4!1s0x89c6af42578bbf7d:0xa1f129c15e21d898!8m2!3d40.2179028!4d-75.141514","200 Easton Rd, Warrington, PA 18976"
ChdDSUhNMG9nS0VJQ0FnSURBc3VlOHpBRRAB,My favorite box store!,3 years ago,2021-04-21 20:36:50.160303,5.0,Mike Bush,0,0,https://www.google.com/maps/contrib/108135367050136626693/reviews?hl=en-US,"https://www.google.com/maps/place/BJ's+Wholesale+Club/@40.2179028,-75.1437029,17z/data=!3m1!4b1!4m5!3m4!1s0x89c6af42578bbf7d:0xa1f129c15e21d898!8m2!3d40.2179028!4d-75.141514","200 Easton Rd, Warrington, PA 18976"
ChZDSUhNMG9nS0VJQ0FnSURRMEtqY0VBEAE,,3 years ago,2021-04-21 20:36:50.162305,5.0,Rita V,23,0,https://www.google.com/maps/contrib/117455937481529470115/reviews?hl=en-US,"https://www.google.com/maps/place/BJ's+Wholesale+Club/@40.2179028,-75.1437029,17z/data=!3m1!4b1!4m5!3m4!1s0x89c6af42578bbf7d:0xa1f129c15e21d898!8m2!3d40.2179028!4d-75.141514","200 Easton Rd, Warrington, PA 18976"
ChZDSUhNMG9nS0VJQ0FnSURRNXYtSEJBEAE,First time in BJ's had a great experience people couldn't have been more helpful thanks,3 years ago,2021-04-21 20:36:50.165305,5.0,Thomas Dooner,8,0,https://www.google.com/maps/contrib/112372997405732788355/reviews?hl=en-US,"https://www.google.com/maps/place/BJ's+Wholesale+Club/@40.2179028,-75.1437029,17z/data=!3m1!4b1!4m5!3m4!1s0x89c6af42578bbf7d:0xa1f129c15e21d898!8m2!3d40.2179028!4d-75.141514","200 Easton Rd, Warrington, PA 18976"
ChdDSUhNMG9nS0VJQ0FnSUNBelpILW5RRRAB,,3 years ago,2021-04-21 20:36:50.168304,5.0,Timothy Mortimer,0,0,https://www.google.com/maps/contrib/103020991688490261059/reviews?hl=en-US,"https://www.google.com/maps/place/BJ's+Wholesale+Club/@40.2179028,-75.1437029,17z/data=!3m1!4b1!4m5!3m4!1s0x89c6af42578bbf7d:0xa1f129c15e21d898!8m2!3d40.2179028!4d-75.141514","200 Easton Rd, Warrington, PA 18976"
ChdDSUhNMG9nS0VJQ0FnSURRdXJHWXZRRRAB,,3 years ago,2021-04-21 20:37:16.630057,4.0,Elaine Fegeley,25,0,https://www.google.com/maps/contrib/112735696283294164653/reviews?hl=en-US,"https://www.google.com/maps/place/BJ's+Wholesale+Club/@40.2179028,-75.1437029,17z/data=!3m1!4b1!4m5!3m4!1s0x89c6af42578bbf7d:0xa1f129c15e21d898!8m2!3d40.2179028!4d-75.141514","200 Easton Rd, Warrington, PA 18976"
ChdDSUhNMG9nS0VJQ0FnSUNneHZ2dTNRRRAB,,3 years ago,2021-04-21 20:37:16.640754,4.0,Donna Kelly,0,0,https://www.google.com/maps/contrib/110956919608359280396/reviews?hl=en-US,"https://www.google.com/maps/place/BJ's+Wholesale+Club/@40.2179028,-75.1437029,17z/data=!3m1!4b1!4m5!3m4!1s0x89c6af42578bbf7d:0xa1f129c15e21d898!8m2!3d40.2179028!4d-75.141514","200 Easton Rd, Warrington, PA 18976"
ChdDSUhNMG9nS0VJQ0FnSURnMXZpcWlBRRAB,,3 years ago,2021-04-21 20:37:16.643774,1.0,Bill Mogg,0,0,https://www.google.com/maps/contrib/100657807447398581274/reviews?hl=en-US,"https://www.google.com/maps/place/BJ's+Wholesale+Club/@40.2179028,-75.1437029,17z/data=!3m1!4b1!4m5!3m4!1s0x89c6af42578bbf7d:0xa1f129c15e21d898!8m2!3d40.2179028!4d-75.141514","200 Easton Rd, Warrington, PA 18976"
ChZDSUhNMG9nS0VJQ0FnSURRd1pHNGRREAE,,3 years ago,2021-04-21 20:37:16.646755,4.0,James McCarron,0,0,https://www.google.com/maps/contrib/102475196929025729893/reviews?hl=en-US,"https://www.google.com/maps/place/BJ's+Wholesale+Club/@40.2179028,-75.1437029,17z/data=!3m1!4b1!4m5!3m4!1s0x89c6af42578bbf7d:0xa1f129c15e21d898!8m2!3d40.2179028!4d-75.141514","200 Easton Rd, Warrington, PA 18976"
ChdDSUhNMG9nS0VJQ0FnSUNncmRPeXV3RRAB,,3 years ago,2021-04-21 20:37:16.649462,5.0,JoanDonna Foglia-Hahn,62,0,https://www.google.com/maps/contrib/113738825490459052078/reviews?hl=en-US,"https://www.google.com/maps/place/BJ's+Wholesale+Club/@40.2179028,-75.1437029,17z/data=!3m1!4b1!4m5!3m4!1s0x89c6af42578bbf7d:0xa1f129c15e21d898!8m2!3d40.2179028!4d-75.141514","200 Easton Rd, Warrington, PA 18976"
ChdDSUhNMG9nS0VJQ0FnSUNBdGJuWXhBRRAB,,3 years ago,2021-04-21 20:37:16.652357,4.0,anibal sanchez,0,0,https://www.google.com/maps/contrib/117445006864629005265/reviews?hl=en-US,"https://www.google.com/maps/place/BJ's+Wholesale+Club/@40.2179028,-75.1437029,17z/data=!3m1!4b1!4m5!3m4!1s0x89c6af42578bbf7d:0xa1f129c15e21d898!8m2!3d40.2179028!4d-75.141514","200 Easton Rd, Warrington, PA 18976"
ChZDSUhNMG9nS0VJQ0FnSUNnLTZhNFBBEAE,Great.thank,3 years ago,2021-04-21 20:37:16.655388,5.0,Harriet L,17,0,https://www.google.com/maps/contrib/107488387192004020056/reviews?hl=en-US,"https://www.google.com/maps/place/BJ's+Wholesale+Club/@40.2179028,-75.1437029,17z/data=!3m1!4b1!4m5!3m4!1s0x89c6af42578bbf7d:0xa1f129c15e21d898!8m2!3d40.2179028!4d-75.141514","200 Easton Rd, Warrington, PA 18976"
ChdDSUhNMG9nS0VJQ0FnSUNBN0tDeHNBRRAB,,3 years ago,2021-04-21 20:37:16.657358,5.0,Shyrelle Gardner,1,0,https://www.google.com/maps/contrib/107414485916019322936/reviews?hl=en-US,"https://www.google.com/maps/place/BJ's+Wholesale+Club/@40.2179028,-75.1437029,17z/data=!3m1!4b1!4m5!3m4!1s0x89c6af42578bbf7d:0xa1f129c15e21d898!8m2!3d40.2179028!4d-75.141514","200 Easton Rd, Warrington, PA 18976"
ChZDSUhNMG9nS0VJQ0FnSURBM3A3eEp3EAE,"Really liked this place a year ago when we first started shopping here. However, the service has gone down and every time I go they are out of a product or two that we want to buy. The cashiers, on the last two trips, have just carelessly ‚Ä¶",3 years ago,2021-04-21 20:37:16.660378,3.0,Katie Crenshaw,0,0,https://www.google.com/maps/contrib/105158564448193583138/reviews?hl=en-US,"https://www.google.com/maps/place/BJ's+Wholesale+Club/@40.2179028,-75.1437029,17z/data=!3m1!4b1!4m5!3m4!1s0x89c6af42578bbf7d:0xa1f129c15e21d898!8m2!3d40.2179028!4d-75.141514","200 Easton Rd, Warrington, PA 18976"
ChdDSUhNMG9nS0VJQ0FnSUN3bGJyNnJnRRAB,,3 years ago,2021-04-21 20:37:16.664392,5.0,gymrat,0,0,https://www.google.com/maps/contrib/113931220503313512801/reviews?hl=en-US,"https://www.google.com/maps/place/BJ's+Wholesale+Club/@40.2179028,-75.1437029,17z/data=!3m1!4b1!4m5!3m4!1s0x89c6af42578bbf7d:0xa1f129c15e21d898!8m2!3d40.2179028!4d-75.141514","200 Easton Rd, Warrington, PA 18976"
ChdDSUhNMG9nS0VJQ0FnSURnOEtEZ3JRRRAB,"Great place to shop, plus you can use coupons!",3 years ago,2021-04-21 20:37:43.111245,5.0,Myrtle Bastien,11,0,https://www.google.com/maps/contrib/107002709221169812490/reviews?hl=en-US,"https://www.google.com/maps/place/BJ's+Wholesale+Club/@40.2179028,-75.1437029,17z/data=!3m1!4b1!4m5!3m4!1s0x89c6af42578bbf7d:0xa1f129c15e21d898!8m2!3d40.2179028!4d-75.141514","200 Easton Rd, Warrington, PA 18976"
ChdDSUhNMG9nS0VJQ0FnSURROXE3RTdRRRAB,,3 years ago,2021-04-21 20:37:43.115251,1.0,Kevin Dick,9,0,https://www.google.com/maps/contrib/107328533264801307319/reviews?hl=en-US,"https://www.google.com/maps/place/BJ's+Wholesale+Club/@40.2179028,-75.1437029,17z/data=!3m1!4b1!4m5!3m4!1s0x89c6af42578bbf7d:0xa1f129c15e21d898!8m2!3d40.2179028!4d-75.141514","200 Easton Rd, Warrington, PA 18976"
ChZDSUhNMG9nS0VJQ0FnSUNnNVk2cFJ3EAE,This is a nice Bjs it lack in some products. All Bjs are knot the same.its clean the shelves are always stocked.,3 years ago,2021-04-21 20:37:43.119306,4.0,ROBERT GILES,0,0,https://www.google.com/maps/contrib/102431892516290519410/reviews?hl=en-US,"https://www.google.com/maps/place/BJ's+Wholesale+Club/@40.2179028,-75.1437029,17z/data=!3m1!4b1!4m5!3m4!1s0x89c6af42578bbf7d:0xa1f129c15e21d898!8m2!3d40.2179028!4d-75.141514","200 Easton Rd, Warrington, PA 18976"
ChZDSUhNMG9nS0VJQ0FnSURnMjRHQVVnEAE,,3 years ago,2021-04-21 20:37:43.123287,2.0,Dennis Michener,0,0,https://www.google.com/maps/contrib/117976629897592725882/reviews?hl=en-US,"https://www.google.com/maps/place/BJ's+Wholesale+Club/@40.2179028,-75.1437029,17z/data=!3m1!4b1!4m5!3m4!1s0x89c6af42578bbf7d:0xa1f129c15e21d898!8m2!3d40.2179028!4d-75.141514","200 Easton Rd, Warrington, PA 18976"
ChdDSUhNMG9nS0VJQ0FnSURBeU9TRHJ3RRAB,"Like this club always clean, people are friendly and get good deals ..i always get my gas here saving 10 cents per gallon with their charge",3 years ago,2021-04-21 20:37:43.126255,5.0,Marie Lipps,0,0,https://www.google.com/maps/contrib/105798607662444689501/reviews?hl=en-US,"https://www.google.com/maps/place/BJ's+Wholesale+Club/@40.2179028,-75.1437029,17z/data=!3m1!4b1!4m5!3m4!1s0x89c6af42578bbf7d:0xa1f129c15e21d898!8m2!3d40.2179028!4d-75.141514","200 Easton Rd, Warrington, PA 18976"
ChZDSUhNMG9nS0VJQ0FnSURRLWRiX2J3EAE,,3 years ago,2021-04-21 20:37:43.129254,4.0,Rich Palmasano,4,0,https://www.google.com/maps/contrib/110418905079797563645/reviews?hl=en-US,"https://www.google.com/maps/place/BJ's+Wholesale+Club/@40.2179028,-75.1437029,17z/data=!3m1!4b1!4m5!3m4!1s0x89c6af42578bbf7d:0xa1f129c15e21d898!8m2!3d40.2179028!4d-75.141514","200 Easton Rd, Warrington, PA 18976"
ChdDSUhNMG9nS0VJQ0FnSURncnBTTzh3RRAB,,3 years ago,2021-04-21 20:37:43.133290,4.0,Dee Iacconi,0,0,https://www.google.com/maps/contrib/106058739234375920447/reviews?hl=en-US,"https://www.google.com/maps/place/BJ's+Wholesale+Club/@40.2179028,-75.1437029,17z/data=!3m1!4b1!4m5!3m4!1s0x89c6af42578bbf7d:0xa1f129c15e21d898!8m2!3d40.2179028!4d-75.141514","200 Easton Rd, Warrington, PA 18976"
ChdDSUhNMG9nS0VJQ0FnSUNna01xZXdBRRAB,"Nice store, ,nice people",3 years ago,2021-04-21 20:37:43.136290,5.0,Rose Stoeffler,46,0,https://www.google.com/maps/contrib/111184836203831626954/reviews?hl=en-US,"https://www.google.com/maps/place/BJ's+Wholesale+Club/@40.2179028,-75.1437029,17z/data=!3m1!4b1!4m5!3m4!1s0x89c6af42578bbf7d:0xa1f129c15e21d898!8m2!3d40.2179028!4d-75.141514","200 Easton Rd, Warrington, PA 18976"
ChdDSUhNMG9nS0VJQ0FnSURnOGVXcWlnRRAB,"I love bj's awesome store, nice staff very friendly..",3 years ago,2021-04-21 20:37:43.139256,5.0,Lisa Mitchell,0,0,https://www.google.com/maps/contrib/102230981669355815284/reviews?hl=en-US,"https://www.google.com/maps/place/BJ's+Wholesale+Club/@40.2179028,-75.1437029,17z/data=!3m1!4b1!4m5!3m4!1s0x89c6af42578bbf7d:0xa1f129c15e21d898!8m2!3d40.2179028!4d-75.141514","200 Easton Rd, Warrington, PA 18976"
ChdDSUhNMG9nS0VJQ0FnSUNRaW9TRWtRRRAB,"Clean, easy to find stuff always have food samples.",3 years ago,2021-04-21 20:37:43.142252,5.0,Rachel,0,0,https://www.google.com/maps/contrib/110591506973369683323/reviews?hl=en-US,"https://www.google.com/maps/place/BJ's+Wholesale+Club/@40.2179028,-75.1437029,17z/data=!3m1!4b1!4m5!3m4!1s0x89c6af42578bbf7d:0xa1f129c15e21d898!8m2!3d40.2179028!4d-75.141514","200 Easton Rd, Warrington, PA 18976"
ChdDSUhNMG9nS0VJQ0FnSUNBbDlxWGlRRRAB,"Prefer COSTCO to BJs...more products, better displays and a bit better pricing.",3 years ago,2021-04-21 20:38:09.627897,3.0,Mike Gecht,0,0,https://www.google.com/maps/contrib/116110572641207438311/reviews?hl=en-US,"https://www.google.com/maps/place/BJ's+Wholesale+Club/@40.2179028,-75.1437029,17z/data=!3m1!4b1!4m5!3m4!1s0x89c6af42578bbf7d:0xa1f129c15e21d898!8m2!3d40.2179028!4d-75.141514","200 Easton Rd, Warrington, PA 18976"
ChdDSUhNMG9nS0VJQ0FnSURBcGRldTdRRRAB,No one available to help me with my heavy drink cartons. This is not acceptable. I spent a lot of money and BJ's,3 years ago,2021-04-21 20:38:09.643447,2.0,Cheryl Strum,5,0,https://www.google.com/maps/contrib/101796724427409086575/reviews?hl=en-US,"https://www.google.com/maps/place/BJ's+Wholesale+Club/@40.2179028,-75.1437029,17z/data=!3m1!4b1!4m5!3m4!1s0x89c6af42578bbf7d:0xa1f129c15e21d898!8m2!3d40.2179028!4d-75.141514","200 Easton Rd, Warrington, PA 18976"
ChdDSUhNMG9nS0VJQ0FnSUNRemJiM3VBRRAB,"Clean, good prices and fast checkout.",3 years ago,2021-04-21 20:38:09.646448,5.0,John Spiewak,0,0,https://www.google.com/maps/contrib/108629165970924441958/reviews?hl=en-US,"https://www.google.com/maps/place/BJ's+Wholesale+Club/@40.2179028,-75.1437029,17z/data=!3m1!4b1!4m5!3m4!1s0x89c6af42578bbf7d:0xa1f129c15e21d898!8m2!3d40.2179028!4d-75.141514","200 Easton Rd, Warrington, PA 18976"
ChdDSUhNMG9nS0VJQ0FnSUNRM0lyOW13RRAB,,3 years ago,2021-04-21 20:38:09.649449,5.0,peter d'angelo,2,0,https://www.google.com/maps/contrib/108180657265688975924/reviews?hl=en-US,"https://www.google.com/maps/place/BJ's+Wholesale+Club/@40.2179028,-75.1437029,17z/data=!3m1!4b1!4m5!3m4!1s0x89c6af42578bbf7d:0xa1f129c15e21d898!8m2!3d40.2179028!4d-75.141514","200 Easton Rd, Warrington, PA 18976"
ChZDSUhNMG9nS0VJQ0FnSURBMzZhT2NBEAE,Good selection of items at lower prices.,3 years ago,2021-04-21 20:38:09.653476,4.0,Ethan Hall,11,0,https://www.google.com/maps/contrib/118059623509296639652/reviews?hl=en-US,"https://www.google.com/maps/place/BJ's+Wholesale+Club/@40.2179028,-75.1437029,17z/data=!3m1!4b1!4m5!3m4!1s0x89c6af42578bbf7d:0xa1f129c15e21d898!8m2!3d40.2179028!4d-75.141514","200 Easton Rd, Warrington, PA 18976"
ChdDSUhNMG9nS0VJQ0FnSURnM05Ed3hRRRAB,,3 years ago,2021-04-21 20:38:09.656447,4.0,Steven Lewis,0,0,https://www.google.com/maps/contrib/100599533206650214879/reviews?hl=en-US,"https://www.google.com/maps/place/BJ's+Wholesale+Club/@40.2179028,-75.1437029,17z/data=!3m1!4b1!4m5!3m4!1s0x89c6af42578bbf7d:0xa1f129c15e21d898!8m2!3d40.2179028!4d-75.141514","200 Easton Rd, Warrington, PA 18976"
ChdDSUhNMG9nS0VJQ0FnSURReUo3dm53RRAB,large products.,3 years ago,2021-04-21 20:38:09.659448,3.0,Syreeta Witherspoon,2,0,https://www.google.com/maps/contrib/109184350734544627665/reviews?hl=en-US,"https://www.google.com/maps/place/BJ's+Wholesale+Club/@40.2179028,-75.1437029,17z/data=!3m1!4b1!4m5!3m4!1s0x89c6af42578bbf7d:0xa1f129c15e21d898!8m2!3d40.2179028!4d-75.141514","200 Easton Rd, Warrington, PA 18976"
ChdDSUhNMG9nS0VJQ0FnSUNRd2JYOHJRRRAB,Found everything we wanted with no problem. Associates were all nice and helpful.,3 years ago,2021-04-21 20:38:09.662447,4.0,Missy DeOliveira,0,0,https://www.google.com/maps/contrib/118022570275315588323/reviews?hl=en-US,"https://www.google.com/maps/place/BJ's+Wholesale+Club/@40.2179028,-75.1437029,17z/data=!3m1!4b1!4m5!3m4!1s0x89c6af42578bbf7d:0xa1f129c15e21d898!8m2!3d40.2179028!4d-75.141514","200 Easton Rd, Warrington, PA 18976"
ChdDSUhNMG9nS0VJQ0FnSURRaGNPRjVnRRAB,,3 years ago,2021-04-21 20:38:09.665485,5.0,Lisa Prebish,0,0,https://www.google.com/maps/contrib/104307088312564940486/reviews?hl=en-US,"https://www.google.com/maps/place/BJ's+Wholesale+Club/@40.2179028,-75.1437029,17z/data=!3m1!4b1!4m5!3m4!1s0x89c6af42578bbf7d:0xa1f129c15e21d898!8m2!3d40.2179028!4d-75.141514","200 Easton Rd, Warrington, PA 18976"
ChZDSUhNMG9nS0VJQ0FnSUNnMC0tY2ZnEAE,Excellent,3 years ago,2021-04-21 20:38:09.668482,5.0,Zizi Ezat,2,0,https://www.google.com/maps/contrib/116999134112601642035/reviews?hl=en-US,"https://www.google.com/maps/place/BJ's+Wholesale+Club/@40.2179028,-75.1437029,17z/data=!3m1!4b1!4m5!3m4!1s0x89c6af42578bbf7d:0xa1f129c15e21d898!8m2!3d40.2179028!4d-75.141514","200 Easton Rd, Warrington, PA 18976"
ChdDSUhNMG9nS0VJQ0FnSUNnakxMLTRnRRAB,I like shopping here. Nice portion size for a two person house.,3 years ago,2021-04-21 20:38:36.264640,4.0,Jeff Dodd,17,0,https://www.google.com/maps/contrib/100206675550302225853/reviews?hl=en-US,"https://www.google.com/maps/place/BJ's+Wholesale+Club/@40.2179028,-75.1437029,17z/data=!3m1!4b1!4m5!3m4!1s0x89c6af42578bbf7d:0xa1f129c15e21d898!8m2!3d40.2179028!4d-75.141514","200 Easton Rd, Warrington, PA 18976"
ChZDSUhNMG9nS0VJQ0FnSURnOHFXZFRBEAE,"Quick shopping experience compared to other BJs, great selection and friendly staff",3 years ago,2021-04-21 20:38:36.268657,5.0,Carl Lineback,0,0,https://www.google.com/maps/contrib/102050283362292423981/reviews?hl=en-US,"https://www.google.com/maps/place/BJ's+Wholesale+Club/@40.2179028,-75.1437029,17z/data=!3m1!4b1!4m5!3m4!1s0x89c6af42578bbf7d:0xa1f129c15e21d898!8m2!3d40.2179028!4d-75.141514","200 Easton Rd, Warrington, PA 18976"
ChdDSUhNMG9nS0VJQ0FnSUNRcTlLOTZ3RRAB,,3 years ago,2021-04-21 20:38:36.271654,5.0,P Seder,8,0,https://www.google.com/maps/contrib/112567718509996530851/reviews?hl=en-US,"https://www.google.com/maps/place/BJ's+Wholesale+Club/@40.2179028,-75.1437029,17z/data=!3m1!4b1!4m5!3m4!1s0x89c6af42578bbf7d:0xa1f129c15e21d898!8m2!3d40.2179028!4d-75.141514","200 Easton Rd, Warrington, PA 18976"
ChZDSUhNMG9nS0VJQ0FnSURBc2J5bkF3EAE,,3 years ago,2021-04-21 20:38:36.275684,5.0,Francisco Rodriguez,2,0,https://www.google.com/maps/contrib/103136514292701808169/reviews?hl=en-US,"https://www.google.com/maps/place/BJ's+Wholesale+Club/@40.2179028,-75.1437029,17z/data=!3m1!4b1!4m5!3m4!1s0x89c6af42578bbf7d:0xa1f129c15e21d898!8m2!3d40.2179028!4d-75.141514","200 Easton Rd, Warrington, PA 18976"
ChdDSUhNMG9nS0VJQ0FnSUN3OF9Ib2l3RRAB,,3 years ago,2021-04-21 20:38:36.278657,4.0,Nefertiti Isoke,0,0,https://www.google.com/maps/contrib/109557809759798010738/reviews?hl=en-US,"https://www.google.com/maps/place/BJ's+Wholesale+Club/@40.2179028,-75.1437029,17z/data=!3m1!4b1!4m5!3m4!1s0x89c6af42578bbf7d:0xa1f129c15e21d898!8m2!3d40.2179028!4d-75.141514","200 Easton Rd, Warrington, PA 18976"
ChZDSUhNMG9nS0VJQ0FnSURnd0xtb1FnEAE,Price & selection both good.  Friendly and helpful staff.,3 years ago,2021-04-21 20:38:36.281655,4.0,Rod Moyer,0,0,https://www.google.com/maps/contrib/106795826469149200932/reviews?hl=en-US,"https://www.google.com/maps/place/BJ's+Wholesale+Club/@40.2179028,-75.1437029,17z/data=!3m1!4b1!4m5!3m4!1s0x89c6af42578bbf7d:0xa1f129c15e21d898!8m2!3d40.2179028!4d-75.141514","200 Easton Rd, Warrington, PA 18976"
ChZDSUhNMG9nS0VJQ0FnSURRdXJuTVV3EAE,,3 years ago,2021-04-21 20:38:36.284382,4.0,Angela M. Linder,0,0,https://www.google.com/maps/contrib/111851159279488938470/reviews?hl=en-US,"https://www.google.com/maps/place/BJ's+Wholesale+Club/@40.2179028,-75.1437029,17z/data=!3m1!4b1!4m5!3m4!1s0x89c6af42578bbf7d:0xa1f129c15e21d898!8m2!3d40.2179028!4d-75.141514","200 Easton Rd, Warrington, PA 18976"
ChZDSUhNMG9nS0VJQ0FnSURRc3J5TkhREAE,Best deli prices!  Friendly and helpful staff,3 years ago,2021-04-21 20:38:36.287073,5.0,Joanne Cosby,4,0,https://www.google.com/maps/contrib/101480923061858272532/reviews?hl=en-US,"https://www.google.com/maps/place/BJ's+Wholesale+Club/@40.2179028,-75.1437029,17z/data=!3m1!4b1!4m5!3m4!1s0x89c6af42578bbf7d:0xa1f129c15e21d898!8m2!3d40.2179028!4d-75.141514","200 Easton Rd, Warrington, PA 18976"
ChdDSUhNMG9nS0VJQ0FnSURndWV1Vi1BRRAB,,3 years ago,2021-04-21 20:38:36.290867,2.0,Lisha,0,0,https://www.google.com/maps/contrib/100380089880151923144/reviews?hl=en-US,"https://www.google.com/maps/place/BJ's+Wholesale+Club/@40.2179028,-75.1437029,17z/data=!3m1!4b1!4m5!3m4!1s0x89c6af42578bbf7d:0xa1f129c15e21d898!8m2!3d40.2179028!4d-75.141514","200 Easton Rd, Warrington, PA 18976"
ChdDSUhNMG9nS0VJQ0FnSURRMUpLbXJRRRAB,"It's like Costco, but not. It's a chain so what else do you expect.",3 years ago,2021-04-21 20:38:36.293057,5.0,alexlam24,0,0,https://www.google.com/maps/contrib/110433751698271506177/reviews?hl=en-US,"https://www.google.com/maps/place/BJ's+Wholesale+Club/@40.2179028,-75.1437029,17z/data=!3m1!4b1!4m5!3m4!1s0x89c6af42578bbf7d:0xa1f129c15e21d898!8m2!3d40.2179028!4d-75.141514","200 Easton Rd, Warrington, PA 18976"
ChZDSUhNMG9nS0VJQ0FnSUN3eU1tWFJnEAE,Great,3 years ago,2021-04-21 20:39:02.895040,5.0,Gerry Burns,2,0,https://www.google.com/maps/contrib/106596769912527031151/reviews?hl=en-US,"https://www.google.com/maps/place/BJ's+Wholesale+Club/@40.2179028,-75.1437029,17z/data=!3m1!4b1!4m5!3m4!1s0x89c6af42578bbf7d:0xa1f129c15e21d898!8m2!3d40.2179028!4d-75.141514","200 Easton Rd, Warrington, PA 18976"
ChdDSUhNMG9nS0VJQ0FnSURBMTdMRjhnRRAB,,3 years ago,2021-04-21 20:39:02.898048,5.0,Iolanda Spruhde,0,0,https://www.google.com/maps/contrib/118239469464308674863/reviews?hl=en-US,"https://www.google.com/maps/place/BJ's+Wholesale+Club/@40.2179028,-75.1437029,17z/data=!3m1!4b1!4m5!3m4!1s0x89c6af42578bbf7d:0xa1f129c15e21d898!8m2!3d40.2179028!4d-75.141514","200 Easton Rd, Warrington, PA 18976"
ChZDSUhNMG9nS0VJQ0FnSUNRa2FyUWZREAE,,3 years ago,2021-04-21 20:39:02.900007,5.0,Ruthie Snee,7,0,https://www.google.com/maps/contrib/114085234573188371568/reviews?hl=en-US,"https://www.google.com/maps/place/BJ's+Wholesale+Club/@40.2179028,-75.1437029,17z/data=!3m1!4b1!4m5!3m4!1s0x89c6af42578bbf7d:0xa1f129c15e21d898!8m2!3d40.2179028!4d-75.141514","200 Easton Rd, Warrington, PA 18976"
ChZDSUhNMG9nS0VJQ0FnSURBM19HM0xREAE,,3 years ago,2021-04-21 20:39:02.904008,5.0,Kim Evans,6,0,https://www.google.com/maps/contrib/100544854134201238455/reviews?hl=en-US,"https://www.google.com/maps/place/BJ's+Wholesale+Club/@40.2179028,-75.1437029,17z/data=!3m1!4b1!4m5!3m4!1s0x89c6af42578bbf7d:0xa1f129c15e21d898!8m2!3d40.2179028!4d-75.141514","200 Easton Rd, Warrington, PA 18976"
ChZDSUhNMG9nS0VJQ0FnSUNRNi1iWENREAE,,3 years ago,2021-04-21 20:39:02.907006,5.0,Regies Thoonkuzhy,7,0,https://www.google.com/maps/contrib/107321114969532135124/reviews?hl=en-US,"https://www.google.com/maps/place/BJ's+Wholesale+Club/@40.2179028,-75.1437029,17z/data=!3m1!4b1!4m5!3m4!1s0x89c6af42578bbf7d:0xa1f129c15e21d898!8m2!3d40.2179028!4d-75.141514","200 Easton Rd, Warrington, PA 18976"
ChdDSUhNMG9nS0VJQ0FnSUNBcFAyaW9BRRAB,,3 years ago,2021-04-21 20:39:02.910009,4.0,Brian Thompson,0,0,https://www.google.com/maps/contrib/103267346285180914294/reviews?hl=en-US,"https://www.google.com/maps/place/BJ's+Wholesale+Club/@40.2179028,-75.1437029,17z/data=!3m1!4b1!4m5!3m4!1s0x89c6af42578bbf7d:0xa1f129c15e21d898!8m2!3d40.2179028!4d-75.141514","200 Easton Rd, Warrington, PA 18976"
ChZDSUhNMG9nS0VJQ0FnSUNBakxteUx3EAE,,3 years ago,2021-04-21 20:39:02.913006,5.0,Kurt Canty,0,0,https://www.google.com/maps/contrib/108503172569563201379/reviews?hl=en-US,"https://www.google.com/maps/place/BJ's+Wholesale+Club/@40.2179028,-75.1437029,17z/data=!3m1!4b1!4m5!3m4!1s0x89c6af42578bbf7d:0xa1f129c15e21d898!8m2!3d40.2179028!4d-75.141514","200 Easton Rd, Warrington, PA 18976"
ChZDSUhNMG9nS0VJQ0FnSUNBeUwtVVB3EAE,Nice! Best to go earlier in the day.,3 years ago,2021-04-21 20:39:02.916008,5.0,Kim W,26,0,https://www.google.com/maps/contrib/101882940806040911956/reviews?hl=en-US,"https://www.google.com/maps/place/BJ's+Wholesale+Club/@40.2179028,-75.1437029,17z/data=!3m1!4b1!4m5!3m4!1s0x89c6af42578bbf7d:0xa1f129c15e21d898!8m2!3d40.2179028!4d-75.141514","200 Easton Rd, Warrington, PA 18976"
ChdDSUhNMG9nS0VJQ0FnSUNBbDVuZi1RRRAB,Very nice store and the service is good,3 years ago,2021-04-21 20:39:02.920009,4.0,Melvin Mcclellan,17,0,https://www.google.com/maps/contrib/112033469795045736844/reviews?hl=en-US,"https://www.google.com/maps/place/BJ's+Wholesale+Club/@40.2179028,-75.1437029,17z/data=!3m1!4b1!4m5!3m4!1s0x89c6af42578bbf7d:0xa1f129c15e21d898!8m2!3d40.2179028!4d-75.141514","200 Easton Rd, Warrington, PA 18976"
ChZDSUhNMG9nS0VJQ0FnSURRektLUVZREAE,was dissapointed they no longer carried metryx bars ...they were the only decent price for delicious protein,3 years ago,2021-04-21 20:39:02.923043,3.0,colleen godwin,1,0,https://www.google.com/maps/contrib/108261127915511589071/reviews?hl=en-US,"https://www.google.com/maps/place/BJ's+Wholesale+Club/@40.2179028,-75.1437029,17z/data=!3m1!4b1!4m5!3m4!1s0x89c6af42578bbf7d:0xa1f129c15e21d898!8m2!3d40.2179028!4d-75.141514","200 Easton Rd, Warrington, PA 18976"
ChdDSUhNMG9nS0VJQ0FnSURnaE1TOHlBRRAB,Great club. This warehouse has great selection and great service.,3 years ago,2021-04-21 20:39:29.596137,5.0,mak shilz,7,0,https://www.google.com/maps/contrib/104274384593280953005/reviews?hl=en-US,"https://www.google.com/maps/place/BJ's+Wholesale+Club/@40.2179028,-75.1437029,17z/data=!3m1!4b1!4m5!3m4!1s0x89c6af42578bbf7d:0xa1f129c15e21d898!8m2!3d40.2179028!4d-75.141514","200 Easton Rd, Warrington, PA 18976"
ChZDSUhNMG9nS0VJQ0FnSUNBXzllcWNnEAE,It's good,3 years ago,2021-04-21 20:39:29.600006,5.0,michael ross,0,0,https://www.google.com/maps/contrib/104832715123947988331/reviews?hl=en-US,"https://www.google.com/maps/place/BJ's+Wholesale+Club/@40.2179028,-75.1437029,17z/data=!3m1!4b1!4m5!3m4!1s0x89c6af42578bbf7d:0xa1f129c15e21d898!8m2!3d40.2179028!4d-75.141514","200 Easton Rd, Warrington, PA 18976"
ChdDSUhNMG9nS0VJQ0FnSURBc1BMOWd3RRAB,,3 years ago,2021-04-21 20:39:29.602968,5.0,Rene Stout,0,0,https://www.google.com/maps/contrib/107469807632736432638/reviews?hl=en-US,"https://www.google.com/maps/place/BJ's+Wholesale+Club/@40.2179028,-75.1437029,17z/data=!3m1!4b1!4m5!3m4!1s0x89c6af42578bbf7d:0xa1f129c15e21d898!8m2!3d40.2179028!4d-75.141514","200 Easton Rd, Warrington, PA 18976"
ChZDSUhNMG9nS0VJQ0FnSURBaXIzREdBEAE,Has everything I need at a good price,3 years ago,2021-04-21 20:39:29.607011,5.0,Robert Fischer,0,0,https://www.google.com/maps/contrib/100091918449096281155/reviews?hl=en-US,"https://www.google.com/maps/place/BJ's+Wholesale+Club/@40.2179028,-75.1437029,17z/data=!3m1!4b1!4m5!3m4!1s0x89c6af42578bbf7d:0xa1f129c15e21d898!8m2!3d40.2179028!4d-75.141514","200 Easton Rd, Warrington, PA 18976"
ChZDSUhNMG9nS0VJQ0FnSURnaHNDSE53EAE,Good...fast,3 years ago,2021-04-21 20:39:29.610968,4.0,Theresa Schweizer,0,0,https://www.google.com/maps/contrib/105105937490315385138/reviews?hl=en-US,"https://www.google.com/maps/place/BJ's+Wholesale+Club/@40.2179028,-75.1437029,17z/data=!3m1!4b1!4m5!3m4!1s0x89c6af42578bbf7d:0xa1f129c15e21d898!8m2!3d40.2179028!4d-75.141514","200 Easton Rd, Warrington, PA 18976"
ChZDSUhNMG9nS0VJQ0FnSURRcTkzNUdBEAE,It was alright,3 years ago,2021-04-21 20:39:29.613967,5.0,Sherena Harley,0,0,https://www.google.com/maps/contrib/114558025376708077546/reviews?hl=en-US,"https://www.google.com/maps/place/BJ's+Wholesale+Club/@40.2179028,-75.1437029,17z/data=!3m1!4b1!4m5!3m4!1s0x89c6af42578bbf7d:0xa1f129c15e21d898!8m2!3d40.2179028!4d-75.141514","200 Easton Rd, Warrington, PA 18976"
ChZDSUhNMG9nS0VJQ0FnSUNRNzRIckV3EAE,,3 years ago,2021-04-21 20:39:29.616968,5.0,Sue Bell,1,0,https://www.google.com/maps/contrib/100496280432914909342/reviews?hl=en-US,"https://www.google.com/maps/place/BJ's+Wholesale+Club/@40.2179028,-75.1437029,17z/data=!3m1!4b1!4m5!3m4!1s0x89c6af42578bbf7d:0xa1f129c15e21d898!8m2!3d40.2179028!4d-75.141514","200 Easton Rd, Warrington, PA 18976"
ChZDSUhNMG9nS0VJQ0FnSURRbTR2MEhBEAE,"Great gas prices!  Just the discount on the gas, makes it worth joining!  Warehouse always has advertised sale items in stock.",3 years ago,2021-04-21 20:39:29.620996,5.0,sandy freas,11,0,https://www.google.com/maps/contrib/114238050161977879365/reviews?hl=en-US,"https://www.google.com/maps/place/BJ's+Wholesale+Club/@40.2179028,-75.1437029,17z/data=!3m1!4b1!4m5!3m4!1s0x89c6af42578bbf7d:0xa1f129c15e21d898!8m2!3d40.2179028!4d-75.141514","200 Easton Rd, Warrington, PA 18976"
ChZDSUhNMG9nS0VJQ0FnSUNBZ05Id2NBEAE,Awesome!!!! People are very nice and friendly at this location,3 years ago,2021-04-21 20:39:29.622970,4.0,Keith robert,1,0,https://www.google.com/maps/contrib/109111932000214425780/reviews?hl=en-US,"https://www.google.com/maps/place/BJ's+Wholesale+Club/@40.2179028,-75.1437029,17z/data=!3m1!4b1!4m5!3m4!1s0x89c6af42578bbf7d:0xa1f129c15e21d898!8m2!3d40.2179028!4d-75.141514","200 Easton Rd, Warrington, PA 18976"
ChdDSUhNMG9nS0VJQ0FnSURnczd6NnNnRRAB,Great,3 years ago,2021-04-21 20:39:29.626967,5.0,Gladys Rivera,4,0,https://www.google.com/maps/contrib/115655781359343090157/reviews?hl=en-US,"https://www.google.com/maps/place/BJ's+Wholesale+Club/@40.2179028,-75.1437029,17z/data=!3m1!4b1!4m5!3m4!1s0x89c6af42578bbf7d:0xa1f129c15e21d898!8m2!3d40.2179028!4d-75.141514","200 Easton Rd, Warrington, PA 18976"
ChdDSUhNMG9nS0VJQ0FnSURnODVUbjRnRRAB,"Pretty good prices, clean, and relatively good selection. Coupons in store and monthly mailings but they are often out of stock of two or more items that are listed in each coupon circular. I Switched over from Sam's Club years ago and have no regrets.",3 years ago,2021-04-21 20:39:56.309854,3.0,Marco Coletti,0,0,https://www.google.com/maps/contrib/100605914432134947870/reviews?hl=en-US,"https://www.google.com/maps/place/BJ's+Wholesale+Club/@40.2179028,-75.1437029,17z/data=!3m1!4b1!4m5!3m4!1s0x89c6af42578bbf7d:0xa1f129c15e21d898!8m2!3d40.2179028!4d-75.141514","200 Easton Rd, Warrington, PA 18976"
ChdDSUhNMG9nS0VJQ0FnSURBa3FxdDJBRRAB,,3 years ago,2021-04-21 20:39:56.328613,4.0,Louis Dailey,0,0,https://www.google.com/maps/contrib/105222938374419489220/reviews?hl=en-US,"https://www.google.com/maps/place/BJ's+Wholesale+Club/@40.2179028,-75.1437029,17z/data=!3m1!4b1!4m5!3m4!1s0x89c6af42578bbf7d:0xa1f129c15e21d898!8m2!3d40.2179028!4d-75.141514","200 Easton Rd, Warrington, PA 18976"
ChdDSUhNMG9nS0VJQ0FnSUNBMkppN3JnRRAB,Good place to get bulk food at good price,3 years ago,2021-04-21 20:39:56.331603,4.0,Graeme Hyde,0,0,https://www.google.com/maps/contrib/110346320413332624598/reviews?hl=en-US,"https://www.google.com/maps/place/BJ's+Wholesale+Club/@40.2179028,-75.1437029,17z/data=!3m1!4b1!4m5!3m4!1s0x89c6af42578bbf7d:0xa1f129c15e21d898!8m2!3d40.2179028!4d-75.141514","200 Easton Rd, Warrington, PA 18976"
ChdDSUhNMG9nS0VJQ0FnSUNReS1XbGxnRRAB,"Helpful, friendly service",3 years ago,2021-04-21 20:39:56.335609,5.0,Virginia Fuller,3,0,https://www.google.com/maps/contrib/102934545089683619995/reviews?hl=en-US,"https://www.google.com/maps/place/BJ's+Wholesale+Club/@40.2179028,-75.1437029,17z/data=!3m1!4b1!4m5!3m4!1s0x89c6af42578bbf7d:0xa1f129c15e21d898!8m2!3d40.2179028!4d-75.141514","200 Easton Rd, Warrington, PA 18976"
ChdDSUhNMG9nS0VJQ0FnSUNRenJhMXpnRRAB,,3 years ago,2021-04-21 20:39:56.339573,5.0,Shiva Sh,0,0,https://www.google.com/maps/contrib/117407947538803831654/reviews?hl=en-US,"https://www.google.com/maps/place/BJ's+Wholesale+Club/@40.2179028,-75.1437029,17z/data=!3m1!4b1!4m5!3m4!1s0x89c6af42578bbf7d:0xa1f129c15e21d898!8m2!3d40.2179028!4d-75.141514","200 Easton Rd, Warrington, PA 18976"
ChZDSUhNMG9nS0VJQ0FnSURRd2NLVFpBEAE,Good,3 years ago,2021-04-21 20:39:56.342574,5.0,Annamaria Byrd,2,0,https://www.google.com/maps/contrib/110738358417604123175/reviews?hl=en-US,"https://www.google.com/maps/place/BJ's+Wholesale+Club/@40.2179028,-75.1437029,17z/data=!3m1!4b1!4m5!3m4!1s0x89c6af42578bbf7d:0xa1f129c15e21d898!8m2!3d40.2179028!4d-75.141514","200 Easton Rd, Warrington, PA 18976"
ChZDSUhNMG9nS0VJQ0FnSURRaGZlbGJBEAE,,3 years ago,2021-04-21 20:39:56.345610,5.0,Ron Green,1,0,https://www.google.com/maps/contrib/103592362162802469348/reviews?hl=en-US,"https://www.google.com/maps/place/BJ's+Wholesale+Club/@40.2179028,-75.1437029,17z/data=!3m1!4b1!4m5!3m4!1s0x89c6af42578bbf7d:0xa1f129c15e21d898!8m2!3d40.2179028!4d-75.141514","200 Easton Rd, Warrington, PA 18976"
ChdDSUhNMG9nS0VJQ0FnSUNBNXRyMV93RRAB,Good,3 years ago,2021-04-21 20:39:56.348273,5.0,Charlie Schwartz,3,0,https://www.google.com/maps/contrib/112830076562552336427/reviews?hl=en-US,"https://www.google.com/maps/place/BJ's+Wholesale+Club/@40.2179028,-75.1437029,17z/data=!3m1!4b1!4m5!3m4!1s0x89c6af42578bbf7d:0xa1f129c15e21d898!8m2!3d40.2179028!4d-75.141514","200 Easton Rd, Warrington, PA 18976"
ChZDSUhNMG9nS0VJQ0FnSUN3NU43X0xREAE,,3 years ago,2021-04-21 20:39:56.351275,5.0,Penny Walston,0,0,https://www.google.com/maps/contrib/115778985101265574433/reviews?hl=en-US,"https://www.google.com/maps/place/BJ's+Wholesale+Club/@40.2179028,-75.1437029,17z/data=!3m1!4b1!4m5!3m4!1s0x89c6af42578bbf7d:0xa1f129c15e21d898!8m2!3d40.2179028!4d-75.141514","200 Easton Rd, Warrington, PA 18976"
ChZDSUhNMG9nS0VJQ0FnSUNnOE1DOEN3EAE,Good selectivity and prices.,3 years ago,2021-04-21 20:39:56.355327,4.0,Joseph Gallo,0,0,https://www.google.com/maps/contrib/100665643768817402495/reviews?hl=en-US,"https://www.google.com/maps/place/BJ's+Wholesale+Club/@40.2179028,-75.1437029,17z/data=!3m1!4b1!4m5!3m4!1s0x89c6af42578bbf7d:0xa1f129c15e21d898!8m2!3d40.2179028!4d-75.141514","200 Easton Rd, Warrington, PA 18976"
ChdDSUhNMG9nS0VJQ0FnSUNnNzVhVnFBRRAB,The best BJ's around here,3 years ago,2021-04-21 20:40:23.083032,5.0,Fany Kreminsky,0,0,https://www.google.com/maps/contrib/109966962671885409494/reviews?hl=en-US,"https://www.google.com/maps/place/BJ's+Wholesale+Club/@40.2179028,-75.1437029,17z/data=!3m1!4b1!4m5!3m4!1s0x89c6af42578bbf7d:0xa1f129c15e21d898!8m2!3d40.2179028!4d-75.141514","200 Easton Rd, Warrington, PA 18976"
ChdDSUhNMG9nS0VJQ0FnSURBdHJ2Sm5nRRAB,Great,3 years ago,2021-04-21 20:40:23.084996,5.0,Carole Borka,62,0,https://www.google.com/maps/contrib/110995687032181044331/reviews?hl=en-US,"https://www.google.com/maps/place/BJ's+Wholesale+Club/@40.2179028,-75.1437029,17z/data=!3m1!4b1!4m5!3m4!1s0x89c6af42578bbf7d:0xa1f129c15e21d898!8m2!3d40.2179028!4d-75.141514","200 Easton Rd, Warrington, PA 18976"
ChdDSUhNMG9nS0VJQ0FnSUNRbmRQV2dnRRAB,,3 years ago,2021-04-21 20:40:23.088999,5.0,Angela Moseley,8,0,https://www.google.com/maps/contrib/105666929165003097420/reviews?hl=en-US,"https://www.google.com/maps/place/BJ's+Wholesale+Club/@40.2179028,-75.1437029,17z/data=!3m1!4b1!4m5!3m4!1s0x89c6af42578bbf7d:0xa1f129c15e21d898!8m2!3d40.2179028!4d-75.141514","200 Easton Rd, Warrington, PA 18976"
ChdDSUhNMG9nS0VJQ0FnSUNBNXNXeDJ3RRAB,I love that store,3 years ago,2021-04-21 20:40:23.092000,5.0,Dionte Dill,0,0,https://www.google.com/maps/contrib/114733789147818132546/reviews?hl=en-US,"https://www.google.com/maps/place/BJ's+Wholesale+Club/@40.2179028,-75.1437029,17z/data=!3m1!4b1!4m5!3m4!1s0x89c6af42578bbf7d:0xa1f129c15e21d898!8m2!3d40.2179028!4d-75.141514","200 Easton Rd, Warrington, PA 18976"
ChZDSUhNMG9nS0VJQ0FnSUNRanJIemVnEAE,,3 years ago,2021-04-21 20:40:23.097000,4.0,Aditya Munshi,0,0,https://www.google.com/maps/contrib/111100971650582237422/reviews?hl=en-US,"https://www.google.com/maps/place/BJ's+Wholesale+Club/@40.2179028,-75.1437029,17z/data=!3m1!4b1!4m5!3m4!1s0x89c6af42578bbf7d:0xa1f129c15e21d898!8m2!3d40.2179028!4d-75.141514","200 Easton Rd, Warrington, PA 18976"
ChdDSUhNMG9nS0VJQ0FnSUN3NE4tcGtBRRAB,Fast service at the deli and no lines at the checkout area,3 years ago,2021-04-21 20:40:23.100000,5.0,FRANK ZLOTNICK,10,0,https://www.google.com/maps/contrib/111367024044890468708/reviews?hl=en-US,"https://www.google.com/maps/place/BJ's+Wholesale+Club/@40.2179028,-75.1437029,17z/data=!3m1!4b1!4m5!3m4!1s0x89c6af42578bbf7d:0xa1f129c15e21d898!8m2!3d40.2179028!4d-75.141514","200 Easton Rd, Warrington, PA 18976"
ChZDSUhNMG9nS0VJQ0FnSUN3NWREcE13EAE,,3 years ago,2021-04-21 20:40:23.104997,4.0,Manny Cabral,0,0,https://www.google.com/maps/contrib/104094261373553545184/reviews?hl=en-US,"https://www.google.com/maps/place/BJ's+Wholesale+Club/@40.2179028,-75.1437029,17z/data=!3m1!4b1!4m5!3m4!1s0x89c6af42578bbf7d:0xa1f129c15e21d898!8m2!3d40.2179028!4d-75.141514","200 Easton Rd, Warrington, PA 18976"
ChZDSUhNMG9nS0VJQ0FnSUNBeHNhMGRnEAE,Always good parking. Not a long wait to check out,3 years ago,2021-04-21 20:40:23.111036,5.0,Barbara Brahl,27,0,https://www.google.com/maps/contrib/112880486107050584503/reviews?hl=en-US,"https://www.google.com/maps/place/BJ's+Wholesale+Club/@40.2179028,-75.1437029,17z/data=!3m1!4b1!4m5!3m4!1s0x89c6af42578bbf7d:0xa1f129c15e21d898!8m2!3d40.2179028!4d-75.141514","200 Easton Rd, Warrington, PA 18976"
ChdDSUhNMG9nS0VJQ0FnSUNnal9pSGdBRRAB,,3 years ago,2021-04-21 20:40:23.114033,5.0,bob heger,0,0,https://www.google.com/maps/contrib/106445025178483844570/reviews?hl=en-US,"https://www.google.com/maps/place/BJ's+Wholesale+Club/@40.2179028,-75.1437029,17z/data=!3m1!4b1!4m5!3m4!1s0x89c6af42578bbf7d:0xa1f129c15e21d898!8m2!3d40.2179028!4d-75.141514","200 Easton Rd, Warrington, PA 18976"
ChZDSUhNMG9nS0VJQ0FnSURBeG9McVFBEAE,,3 years ago,2021-04-21 20:40:23.117032,5.0,Fatkill gaming,0,0,https://www.google.com/maps/contrib/110162774472870182990/reviews?hl=en-US,"https://www.google.com/maps/place/BJ's+Wholesale+Club/@40.2179028,-75.1437029,17z/data=!3m1!4b1!4m5!3m4!1s0x89c6af42578bbf7d:0xa1f129c15e21d898!8m2!3d40.2179028!4d-75.141514","200 Easton Rd, Warrington, PA 18976"
ChdDSUhNMG9nS0VJQ0FnSUNBZy1uU2h3RRAB,Awesome,3 years ago,2021-04-21 20:40:49.860548,5.0,Ruth Ann Christ,97,0,https://www.google.com/maps/contrib/111845337898819712672/reviews?hl=en-US,"https://www.google.com/maps/place/BJ's+Wholesale+Club/@40.2179028,-75.1437029,17z/data=!3m1!4b1!4m5!3m4!1s0x89c6af42578bbf7d:0xa1f129c15e21d898!8m2!3d40.2179028!4d-75.141514","200 Easton Rd, Warrington, PA 18976"
ChdDSUhNMG9nS0VJQ0FnSUNBdThXeWxRRRAB,Good place to.shop around,3 years ago,2021-04-21 20:40:49.863680,4.0,Juny Mick,8,0,https://www.google.com/maps/contrib/115613474178532505432/reviews?hl=en-US,"https://www.google.com/maps/place/BJ's+Wholesale+Club/@40.2179028,-75.1437029,17z/data=!3m1!4b1!4m5!3m4!1s0x89c6af42578bbf7d:0xa1f129c15e21d898!8m2!3d40.2179028!4d-75.141514","200 Easton Rd, Warrington, PA 18976"
ChZDSUhNMG9nS0VJQ0FnSUNnZ3VESkpnEAE,I still can't decide if BJ's saves you money but it does make shopping easier when you can buy in bulk.,4 years ago,2021-04-21 20:40:49.866702,5.0,Jennifer Gardella,0,0,https://www.google.com/maps/contrib/105513285414360186757/reviews?hl=en-US,"https://www.google.com/maps/place/BJ's+Wholesale+Club/@40.2179028,-75.1437029,17z/data=!3m1!4b1!4m5!3m4!1s0x89c6af42578bbf7d:0xa1f129c15e21d898!8m2!3d40.2179028!4d-75.141514","200 Easton Rd, Warrington, PA 18976"
ChZDSUhNMG9nS0VJQ0FnSUN3LXB1cFRBEAE,,4 years ago,2021-04-21 20:40:49.869681,5.0,Zach Nagle,0,0,https://www.google.com/maps/contrib/109822813833450900454/reviews?hl=en-US,"https://www.google.com/maps/place/BJ's+Wholesale+Club/@40.2179028,-75.1437029,17z/data=!3m1!4b1!4m5!3m4!1s0x89c6af42578bbf7d:0xa1f129c15e21d898!8m2!3d40.2179028!4d-75.141514","200 Easton Rd, Warrington, PA 18976"
ChZDSUhNMG9nS0VJQ0FnSURBMHZlVExBEAE,"Nice store, clean and bright.",4 years ago,2021-04-21 20:40:49.874681,4.0,Ika K,0,0,https://www.google.com/maps/contrib/108121242783327215454/reviews?hl=en-US,"https://www.google.com/maps/place/BJ's+Wholesale+Club/@40.2179028,-75.1437029,17z/data=!3m1!4b1!4m5!3m4!1s0x89c6af42578bbf7d:0xa1f129c15e21d898!8m2!3d40.2179028!4d-75.141514","200 Easton Rd, Warrington, PA 18976"
ChdDSUhNMG9nS0VJQ0FnSUNBMGIzeG5RRRAB,,4 years ago,2021-04-21 20:40:49.877708,4.0,Kay Dublin,2,0,https://www.google.com/maps/contrib/107741693600912497029/reviews?hl=en-US,"https://www.google.com/maps/place/BJ's+Wholesale+Club/@40.2179028,-75.1437029,17z/data=!3m1!4b1!4m5!3m4!1s0x89c6af42578bbf7d:0xa1f129c15e21d898!8m2!3d40.2179028!4d-75.141514","200 Easton Rd, Warrington, PA 18976"
ChdDSUhNMG9nS0VJQ0FnSUNBejlEQ3VBRRAB,,4 years ago,2021-04-21 20:40:49.880682,5.0,Debbie Johnson,8,0,https://www.google.com/maps/contrib/100680254393266547693/reviews?hl=en-US,"https://www.google.com/maps/place/BJ's+Wholesale+Club/@40.2179028,-75.1437029,17z/data=!3m1!4b1!4m5!3m4!1s0x89c6af42578bbf7d:0xa1f129c15e21d898!8m2!3d40.2179028!4d-75.141514","200 Easton Rd, Warrington, PA 18976"
ChdDSUhNMG9nS0VJQ0FnSURRaU11U3V3RRAB,,4 years ago,2021-04-21 20:40:49.883700,5.0,MaryJane Iaquinto,1,0,https://www.google.com/maps/contrib/110684084137331097682/reviews?hl=en-US,"https://www.google.com/maps/place/BJ's+Wholesale+Club/@40.2179028,-75.1437029,17z/data=!3m1!4b1!4m5!3m4!1s0x89c6af42578bbf7d:0xa1f129c15e21d898!8m2!3d40.2179028!4d-75.141514","200 Easton Rd, Warrington, PA 18976"
ChZDSUhNMG9nS0VJQ0FnSUNnNk55SFJ3EAE,,4 years ago,2021-04-21 20:40:49.886680,5.0,Alla Halupenco,4,0,https://www.google.com/maps/contrib/110403195135827848746/reviews?hl=en-US,"https://www.google.com/maps/place/BJ's+Wholesale+Club/@40.2179028,-75.1437029,17z/data=!3m1!4b1!4m5!3m4!1s0x89c6af42578bbf7d:0xa1f129c15e21d898!8m2!3d40.2179028!4d-75.141514","200 Easton Rd, Warrington, PA 18976"
ChZDSUhNMG9nS0VJQ0FnSUNncktybFpREAE,,4 years ago,2021-04-21 20:40:49.889684,5.0,Oana Popescu,0,0,https://www.google.com/maps/contrib/116043622412570351951/reviews?hl=en-US,"https://www.google.com/maps/place/BJ's+Wholesale+Club/@40.2179028,-75.1437029,17z/data=!3m1!4b1!4m5!3m4!1s0x89c6af42578bbf7d:0xa1f129c15e21d898!8m2!3d40.2179028!4d-75.141514","200 Easton Rd, Warrington, PA 18976"
ChdDSUhNMG9nS0VJQ0FnSURRLW91TTR3RRAB,,4 years ago,2021-04-21 20:41:16.668067,4.0,Gary Spross,0,0,https://www.google.com/maps/contrib/111505446674012084877/reviews?hl=en-US,"https://www.google.com/maps/place/BJ's+Wholesale+Club/@40.2179028,-75.1437029,17z/data=!3m1!4b1!4m5!3m4!1s0x89c6af42578bbf7d:0xa1f129c15e21d898!8m2!3d40.2179028!4d-75.141514","200 Easton Rd, Warrington, PA 18976"
ChdDSUhNMG9nS0VJQ0FnSUN3cU56cm5BRRAB,Good deal from the coupons,4 years ago,2021-04-21 20:41:16.675535,5.0,Safiera Hersalita,7,0,https://www.google.com/maps/contrib/115154334534849513411/reviews?hl=en-US,"https://www.google.com/maps/place/BJ's+Wholesale+Club/@40.2179028,-75.1437029,17z/data=!3m1!4b1!4m5!3m4!1s0x89c6af42578bbf7d:0xa1f129c15e21d898!8m2!3d40.2179028!4d-75.141514","200 Easton Rd, Warrington, PA 18976"
ChdDSUhNMG9nS0VJQ0FnSUN3eVpDRXZnRRAB,"Muck better than their competition. Gas prices are low, best cakes around and rarely have long waits in line.",4 years ago,2021-04-21 20:41:16.679567,5.0,Chad B,0,0,https://www.google.com/maps/contrib/109911981767354521934/reviews?hl=en-US,"https://www.google.com/maps/place/BJ's+Wholesale+Club/@40.2179028,-75.1437029,17z/data=!3m1!4b1!4m5!3m4!1s0x89c6af42578bbf7d:0xa1f129c15e21d898!8m2!3d40.2179028!4d-75.141514","200 Easton Rd, Warrington, PA 18976"
ChdDSUhNMG9nS0VJQ0FnSUNRa01TeXNRRRAB,There is always something new to discover on a weekly basis and if you have the extra pace you really can't beat the prices for what you are getting bulk,4 years ago,2021-04-21 20:41:16.682537,5.0,Dave Volk,0,0,https://www.google.com/maps/contrib/117954887587752891820/reviews?hl=en-US,"https://www.google.com/maps/place/BJ's+Wholesale+Club/@40.2179028,-75.1437029,17z/data=!3m1!4b1!4m5!3m4!1s0x89c6af42578bbf7d:0xa1f129c15e21d898!8m2!3d40.2179028!4d-75.141514","200 Easton Rd, Warrington, PA 18976"
ChdDSUhNMG9nS0VJQ0FnSUNRcF9lM21nRRAB,,4 years ago,2021-04-21 20:41:16.686557,4.0,Charlie Bricker,0,0,https://www.google.com/maps/contrib/117821862650767992660/reviews?hl=en-US,"https://www.google.com/maps/place/BJ's+Wholesale+Club/@40.2179028,-75.1437029,17z/data=!3m1!4b1!4m5!3m4!1s0x89c6af42578bbf7d:0xa1f129c15e21d898!8m2!3d40.2179028!4d-75.141514","200 Easton Rd, Warrington, PA 18976"
ChdDSUhNMG9nS0VJQ0FnSURRLU9lMzF3RRAB,Convenient to work and able to get everything we need for showing Lowe's employees hiw much they are appreciated. Last visit was for Soup & Sandwiches (Grilled cheese) for Safety,4 years ago,2021-04-21 20:41:16.689565,4.0,Catherine Wheeler,0,0,https://www.google.com/maps/contrib/113021962451342467628/reviews?hl=en-US,"https://www.google.com/maps/place/BJ's+Wholesale+Club/@40.2179028,-75.1437029,17z/data=!3m1!4b1!4m5!3m4!1s0x89c6af42578bbf7d:0xa1f129c15e21d898!8m2!3d40.2179028!4d-75.141514","200 Easton Rd, Warrington, PA 18976"
ChdDSUhNMG9nS0VJQ0FnSURnbTRQWHR3RRAB,I love shopping here! Great deals and they accept manufacturer coupons!,4 years ago,2021-04-21 20:41:16.692555,5.0,Samantha Lange,0,0,https://www.google.com/maps/contrib/113361324779075171939/reviews?hl=en-US,"https://www.google.com/maps/place/BJ's+Wholesale+Club/@40.2179028,-75.1437029,17z/data=!3m1!4b1!4m5!3m4!1s0x89c6af42578bbf7d:0xa1f129c15e21d898!8m2!3d40.2179028!4d-75.141514","200 Easton Rd, Warrington, PA 18976"
ChdDSUhNMG9nS0VJQ0FnSUNnMnRxZmxRRRAB,"Of the big box stores, I like BJ's the best.",4 years ago,2021-04-21 20:41:16.695535,4.0,David Lynch,0,0,https://www.google.com/maps/contrib/111245287868649392793/reviews?hl=en-US,"https://www.google.com/maps/place/BJ's+Wholesale+Club/@40.2179028,-75.1437029,17z/data=!3m1!4b1!4m5!3m4!1s0x89c6af42578bbf7d:0xa1f129c15e21d898!8m2!3d40.2179028!4d-75.141514","200 Easton Rd, Warrington, PA 18976"
ChdDSUhNMG9nS0VJQ0FnSUNnenJPVnB3RRAB,"For the membership cost, you can get a lot of savings and a great selection of products from electronics, to Verizon wireless phones and tablets, to kitchen and cleaning and laundry supplies, to fresh pre-made foods, to fresh fruits and ‚Ä¶",4 years ago,2021-04-21 20:41:16.697537,5.0,Jacqueline Lukas,0,0,https://www.google.com/maps/contrib/106726917106980799376/reviews?hl=en-US,"https://www.google.com/maps/place/BJ's+Wholesale+Club/@40.2179028,-75.1437029,17z/data=!3m1!4b1!4m5!3m4!1s0x89c6af42578bbf7d:0xa1f129c15e21d898!8m2!3d40.2179028!4d-75.141514","200 Easton Rd, Warrington, PA 18976"
ChdDSUhNMG9nS0VJQ0FnSUN3eUlhZ2xRRRAB,,5 years ago,2021-04-21 20:41:16.700537,5.0,Chris Beebie,0,0,https://www.google.com/maps/contrib/103741069455009380628/reviews?hl=en-US,"https://www.google.com/maps/place/BJ's+Wholesale+Club/@40.2179028,-75.1437029,17z/data=!3m1!4b1!4m5!3m4!1s0x89c6af42578bbf7d:0xa1f129c15e21d898!8m2!3d40.2179028!4d-75.141514","200 Easton Rd, Warrington, PA 18976"
ChdDSUhNMG9nS0VJQ0FnSURneHBELXpBRRAB,This location is much nicer than the location I usually go to! The aisles are very well organized and everything seemed to be well-stocked.,5 years ago,2021-04-21 20:41:43.560801,5.0,Samantha Lynch,0,0,https://www.google.com/maps/contrib/110095879300009438968/reviews?hl=en-US,"https://www.google.com/maps/place/BJ's+Wholesale+Club/@40.2179028,-75.1437029,17z/data=!3m1!4b1!4m5!3m4!1s0x89c6af42578bbf7d:0xa1f129c15e21d898!8m2!3d40.2179028!4d-75.141514","200 Easton Rd, Warrington, PA 18976"
ChdDSUhNMG9nS0VJQ0FnSUNRcDh1a253RRAB,I  love shopping there it very clean and you know where things are at and the people are very nice,5 years ago,2021-04-21 20:41:43.575840,5.0,Joe Molett,0,0,https://www.google.com/maps/contrib/109977878858148096396/reviews?hl=en-US,"https://www.google.com/maps/place/BJ's+Wholesale+Club/@40.2179028,-75.1437029,17z/data=!3m1!4b1!4m5!3m4!1s0x89c6af42578bbf7d:0xa1f129c15e21d898!8m2!3d40.2179028!4d-75.141514","200 Easton Rd, Warrington, PA 18976"
ChdDSUhNMG9nS0VJQ0FnSURBOE8zRzN3RRAB,Staff is always helpful and you get a good deal.  Usually larger portions but price is good.,5 years ago,2021-04-21 20:41:43.579843,5.0,S. S.,0,0,https://www.google.com/maps/contrib/116023233740489823795/reviews?hl=en-US,"https://www.google.com/maps/place/BJ's+Wholesale+Club/@40.2179028,-75.1437029,17z/data=!3m1!4b1!4m5!3m4!1s0x89c6af42578bbf7d:0xa1f129c15e21d898!8m2!3d40.2179028!4d-75.141514","200 Easton Rd, Warrington, PA 18976"
ChZDSUhNMG9nS0VJQ0FnSURBakwzYUJREAE,price seems to be high.,5 years ago,2021-04-21 20:41:43.583870,2.0,Lizy Alexander,1,0,https://www.google.com/maps/contrib/105475894215247413832/reviews?hl=en-US,"https://www.google.com/maps/place/BJ's+Wholesale+Club/@40.2179028,-75.1437029,17z/data=!3m1!4b1!4m5!3m4!1s0x89c6af42578bbf7d:0xa1f129c15e21d898!8m2!3d40.2179028!4d-75.141514","200 Easton Rd, Warrington, PA 18976"
ChZDSUhNMG9nS0VJQ0FnSUNBcG91LUhnEAE,"TWO WORDS FOR 2 STARS: DELI COUNTER. RUDE RUDE RUDE. This is the worst deli counter I have ever been to. And it is consistently terrible. I have been here many times- doesn't matter if its morning, noon, or night.They are always busy, yet ‚Ä¶",5 years ago,2021-04-21 20:41:43.585841,1.0,Bebe C.,1,0,https://www.google.com/maps/contrib/116446515960799538069/reviews?hl=en-US,"https://www.google.com/maps/place/BJ's+Wholesale+Club/@40.2179028,-75.1437029,17z/data=!3m1!4b1!4m5!3m4!1s0x89c6af42578bbf7d:0xa1f129c15e21d898!8m2!3d40.2179028!4d-75.141514","200 Easton Rd, Warrington, PA 18976"
ChdDSUhNMG9nS0VJQ0FnSURBM2MzemdBRRAB,"Great customer service. They do not treat there employees well, most employees get paid only 9 dollar an hour starting compared to 11.25 at other similar warehouse clubs.",5 years ago,2021-04-21 20:41:43.588841,1.0,Jonny Rocket,0,0,https://www.google.com/maps/contrib/108637959590762545332/reviews?hl=en-US,"https://www.google.com/maps/place/BJ's+Wholesale+Club/@40.2179028,-75.1437029,17z/data=!3m1!4b1!4m5!3m4!1s0x89c6af42578bbf7d:0xa1f129c15e21d898!8m2!3d40.2179028!4d-75.141514","200 Easton Rd, Warrington, PA 18976"
ChdDSUhNMG9nS0VJQ0FnSURnai1EUmxBRRAB,,5 years ago,2021-04-21 20:41:43.591860,5.0,V,0,0,https://www.google.com/maps/contrib/105671167973661497782/reviews?hl=en-US,"https://www.google.com/maps/place/BJ's+Wholesale+Club/@40.2179028,-75.1437029,17z/data=!3m1!4b1!4m5!3m4!1s0x89c6af42578bbf7d:0xa1f129c15e21d898!8m2!3d40.2179028!4d-75.141514","200 Easton Rd, Warrington, PA 18976"
ChZDSUhNMG9nS0VJQ0FnSURRd01URllREAE,"There is little to NO customer service at this location.  I emailed the customer service about issues at this club, get an email back stating the club would call in 3 business days, 5 days later no call, so I emailed again and was told that ‚Ä¶",5 years ago,2021-04-21 20:41:43.595869,1.0,Keith Madara,13,0,https://www.google.com/maps/contrib/105867521458537867536/reviews?hl=en-US,"https://www.google.com/maps/place/BJ's+Wholesale+Club/@40.2179028,-75.1437029,17z/data=!3m1!4b1!4m5!3m4!1s0x89c6af42578bbf7d:0xa1f129c15e21d898!8m2!3d40.2179028!4d-75.141514","200 Easton Rd, Warrington, PA 18976"
ChZDSUhNMG9nS0VJQ0FnSURRZzZHUVBBEAE,I was very satisfied with service I received from eye glass. Department..The  female employee who assisted me in selection of my glasses was very helpful and friendly. . Glasses were delivered as promised.,5 years ago,2021-04-21 20:41:43.598873,5.0,Walt Malone,1,0,https://www.google.com/maps/contrib/112762310799475459333/reviews?hl=en-US,"https://www.google.com/maps/place/BJ's+Wholesale+Club/@40.2179028,-75.1437029,17z/data=!3m1!4b1!4m5!3m4!1s0x89c6af42578bbf7d:0xa1f129c15e21d898!8m2!3d40.2179028!4d-75.141514","200 Easton Rd, Warrington, PA 18976"
ChdDSUhNMG9nS0VJQ0FnSURRaEt1VDBnRRAB,Despite the other bad reviews (which reminds me.. Philbert.. what?? What are you even saying??) I think BJ's is great! Their deli department is the BEST. Cold cuts at a fraction of the cost of food stores. Their meat department does NOT ‚Ä¶,5 years ago,2021-04-21 20:41:43.601839,4.0,Larissa W,4,0,https://www.google.com/maps/contrib/104203666325501290185/reviews?hl=en-US,"https://www.google.com/maps/place/BJ's+Wholesale+Club/@40.2179028,-75.1437029,17z/data=!3m1!4b1!4m5!3m4!1s0x89c6af42578bbf7d:0xa1f129c15e21d898!8m2!3d40.2179028!4d-75.141514","200 Easton Rd, Warrington, PA 18976"
ChdDSUhNMG9nS0VJQ0FnSUN3eGREM3N3RRAB,Store is always clean and has what we need.,5 years ago,2021-04-21 20:42:10.507659,5.0,Jason Ibbetson,0,0,https://www.google.com/maps/contrib/100992330579829384505/reviews?hl=en-US,"https://www.google.com/maps/place/BJ's+Wholesale+Club/@40.2179028,-75.1437029,17z/data=!3m1!4b1!4m5!3m4!1s0x89c6af42578bbf7d:0xa1f129c15e21d898!8m2!3d40.2179028!4d-75.141514","200 Easton Rd, Warrington, PA 18976"
ChZDSUhNMG9nS0VJQ0FnSUNRbk5xZ1JBEAE,"Friendly and helpful staff.  Enjoy availability of Android Pay when checking out.  Compare prices to other stores, BJs is not always cheapest.  For example, Wegmans has better prices on some items.",5 years ago,2021-04-21 20:42:10.510604,5.0,Bryan Spath,0,0,https://www.google.com/maps/contrib/108347368979255889481/reviews?hl=en-US,"https://www.google.com/maps/place/BJ's+Wholesale+Club/@40.2179028,-75.1437029,17z/data=!3m1!4b1!4m5!3m4!1s0x89c6af42578bbf7d:0xa1f129c15e21d898!8m2!3d40.2179028!4d-75.141514","200 Easton Rd, Warrington, PA 18976"
ChZDSUhNMG9nS0VJQ0FnSURncmJxeklnEAE,,5 years ago,2021-04-21 20:42:10.514644,5.0,Kathleen Brace,6,0,https://www.google.com/maps/contrib/110174291778125636389/reviews?hl=en-US,"https://www.google.com/maps/place/BJ's+Wholesale+Club/@40.2179028,-75.1437029,17z/data=!3m1!4b1!4m5!3m4!1s0x89c6af42578bbf7d:0xa1f129c15e21d898!8m2!3d40.2179028!4d-75.141514","200 Easton Rd, Warrington, PA 18976"
ChZDSUhNMG9nS0VJQ0FnSUNBbEtHbFJBEAE,,5 years ago,2021-04-21 20:42:10.516606,5.0,David Krebs,4,0,https://www.google.com/maps/contrib/108988595457324428962/reviews?hl=en-US,"https://www.google.com/maps/place/BJ's+Wholesale+Club/@40.2179028,-75.1437029,17z/data=!3m1!4b1!4m5!3m4!1s0x89c6af42578bbf7d:0xa1f129c15e21d898!8m2!3d40.2179028!4d-75.141514","200 Easton Rd, Warrington, PA 18976"
ChdDSUhNMG9nS0VJQ0FnSURROW9fTHV3RRAB,"So pleasant customer service -  Received the 60 day trial membership coupon so called on 5/1/15 (Fri) around 5 PM and visited the Warrington, Pa location on 5/2/15 (Sat) around 2 PM to compare with Costco on prices and selections.  The lady ‚Ä¶",5 years ago,2021-04-21 20:42:10.519604,5.0,Chris Park,0,0,https://www.google.com/maps/contrib/117517068728491008335/reviews?hl=en-US,"https://www.google.com/maps/place/BJ's+Wholesale+Club/@40.2179028,-75.1437029,17z/data=!3m1!4b1!4m5!3m4!1s0x89c6af42578bbf7d:0xa1f129c15e21d898!8m2!3d40.2179028!4d-75.141514","200 Easton Rd, Warrington, PA 18976"
ChdDSUhNMG9nS0VJQ0FnSUNRc0tlSzVRRRAB,they a track going to philldephaida a white stay on it get the mustand and motorcycle  I be there in 5 mintues,6 years ago,2021-04-21 20:42:10.522605,1.0,Philbert Ifill,54,0,https://www.google.com/maps/contrib/100076804570684606172/reviews?hl=en-US,"https://www.google.com/maps/place/BJ's+Wholesale+Club/@40.2179028,-75.1437029,17z/data=!3m1!4b1!4m5!3m4!1s0x89c6af42578bbf7d:0xa1f129c15e21d898!8m2!3d40.2179028!4d-75.141514","200 Easton Rd, Warrington, PA 18976"
ChdDSUhNMG9nS0VJQ0FnSUNRcThHb3FRRRAB,I was going to switch from Costco to BJ's starting with a coupon for a free 60-day membership. The rep threw the coupon in the trash and insisted I buy a 15-month membership.,6 years ago,2021-04-21 20:42:10.525618,1.0,Leslie Ellis,0,0,https://www.google.com/maps/contrib/111660608897727113262/reviews?hl=en-US,"https://www.google.com/maps/place/BJ's+Wholesale+Club/@40.2179028,-75.1437029,17z/data=!3m1!4b1!4m5!3m4!1s0x89c6af42578bbf7d:0xa1f129c15e21d898!8m2!3d40.2179028!4d-75.141514","200 Easton Rd, Warrington, PA 18976"
ChZDSUhNMG9nS0VJQ0FnSUNnbU15ZVVnEAE,,7 years ago,2021-04-21 20:42:10.529646,3.0,Marcella Stokes,12,0,https://www.google.com/maps/contrib/117621330186675013268/reviews?hl=en-US,"https://www.google.com/maps/place/BJ's+Wholesale+Club/@40.2179028,-75.1437029,17z/data=!3m1!4b1!4m5!3m4!1s0x89c6af42578bbf7d:0xa1f129c15e21d898!8m2!3d40.2179028!4d-75.141514","200 Easton Rd, Warrington, PA 18976"
ChZDSUhNMG9nS0VJQ0FnSURnNmV5Y1JREAE,,8 years ago,2021-04-21 20:42:10.532605,4.0,Donald Finley,4,0,https://www.google.com/maps/contrib/111543145139253163475/reviews?hl=en-US,"https://www.google.com/maps/place/BJ's+Wholesale+Club/@40.2179028,-75.1437029,17z/data=!3m1!4b1!4m5!3m4!1s0x89c6af42578bbf7d:0xa1f129c15e21d898!8m2!3d40.2179028!4d-75.141514","200 Easton Rd, Warrington, PA 18976"
ChZDSUhNMG9nS0VJQ0FnSUNBNmNXaFp3EAE,Great gas prices. Food in bulk. Get their credit card and get their gold card if you need to purchase here a bit.,8 years ago,2021-04-21 20:42:10.536641,5.0,Eric Doh,7,0,https://www.google.com/maps/contrib/109018053075176570339/reviews?hl=en-US,"https://www.google.com/maps/place/BJ's+Wholesale+Club/@40.2179028,-75.1437029,17z/data=!3m1!4b1!4m5!3m4!1s0x89c6af42578bbf7d:0xa1f129c15e21d898!8m2!3d40.2179028!4d-75.141514","200 Easton Rd, Warrington, PA 18976"
